ParticipantId	Number	Text Content	Document	Codes	Number of Codes
P01	1:1	a minha dificuldade foi porque eu não estava enxergando direito de tão pequeno que era	1-William-E.pdf	SENSORS, reduced dimensions, Negative Point, vision problems	4
P01	1:2	Na opção X, você plugou e o negócio já aparece lá na tela.	1-William-E.pdf	BLOCKS, Positive Point, quickness	3
P01	1:3	Eu acho que na opção do Arduino, o grande problema é que as coisas ficam desorganizadas, ficam penduradas pelos fios.	1-William-E.pdf	SENSORS, Negative Point, no physical support	3
P01	1:4	A opção X já é massa porque você pode botar para cima, para baixo, encaixou, tá lá.	1-William-E.pdf	BLOCKS, Positive Point, presence of a physical support	3
P01	1:5	O fato das coisas ficarem penduradas por fios dificulta muito a usabilidade	1-William-E.pdf	SENSORS, Negative Point, no physical support	3
P01	1:6	Eu vejo uma vantagem num segundo momento que seria uma customização num nível mais profundo do posicionamento das coisas.	1-William-E.pdf	Positive Point, SENSORS, sensor customization	3
P01	1:7	Minha frustração, que não diz respeito à parte física, é que eu queria poder lidar melhor com as informações que estão sendo trocadas. Queria determinar o range das informações. Queria determinar se fisicamente a direção das coisas pudesse trocar.	1-William-E.pdf	feeling frustrated, GUI, Negative Point, cannot control information, Sensation	5
P01	1:8	A do Arduino para mim era mais devagar, pois eu tinha que procurar a cartela para descobrir onde são as conexões. Mas eu acho que é uma questão de hábito também. Se você usar muito, você pega a manha de onde colocar.	1-William-E.pdf	Negative Point, SENSORS, delay to assemble	3
P01	1:9	Essa [opção X] é mais rápida.	1-William-E.pdf	Positive Point, BLOCKS, quickness	3
P01	1:10	[Engajado] Na segunda [opção X], por conta dessa facilidade da conexão e de já aparecer lá.	1-William-E.pdf	easy connection, Positive Point, BLOCKS, immediate, engagement	5
P01	1:11	Isso aqui já tá arrumado de uma forma que o camarada consegue usar: botou lá, tá encaixado, tá em pé, tá firme, já tá arrumado de um jeito com a mesma mão eu posso bater e posso rodar.	1-William-E.pdf	BLOCKS, Positive Point, presence of a physical support	3
P01	1:12	Que no Arduino, eu tinha de usar as duas mãos para cada um.	1-William-E.pdf	SENSORS, Negative Point, no physical support	3
P01	1:13	Tem uma coisa boa que é esse grid, um espaçamento já prevendo o tamanho das peças. Isso é um diferencial muito grande.	1-William-E.pdf	Positive Point, BLOCKS, presence of a physical support	3
P01	1:14	Você não tem de ficar pensando se você ligou o terra no lugar certo ou no slot certo para ele ser reconhecido.	1-William-E.pdf	technical transparency, BLOCKS, Positive Point	3
P02	2:1	Assim, eu achei ela menos ergonômica porque fica tudo muito apertado	2-Missionario-E.pdf	Negative Point, SENSORS, no physical support	3
P02	2:2	Você gasta um certo tempo para ver essa coisa: como é que eu conecto isso? Onde é que é?	2-Missionario-E.pdf	Negative Point, SENSORS, delay to assemble	3
P02	2:3	Você fica olha pra essas letrinhas pequenininhas.	2-Missionario-E.pdf	Negative Point, SENSORS, reduced dimensions	3
P02	2:4	Essa opção é uma opção muito interessante [os sensores], mas ela tem esse custo cognitivo.	2-Missionario-E.pdf	Negative Point, SENSORS, cognitive cost	3
P02	2:5	Esse eu achei muito interessante justamente porque ele tende a ser [...] mais intuitivo.	2-Missionario-E.pdf	BLOCKS, Positive Point, intuitive	3
P02	2:6	Essa parte física de olha para isso aqui e dizer isso aqui dá samba.	2-Missionario-E.pdf	BLOCKS, Positive Point, presence of a physical support	3
P02	2:7	Dentro do tempo que foi alocado, a gente perde menos tempo.	2-Missionario-E.pdf	Positive Point, BLOCKS, quickness	3
P02	2:8	já tá mais pronto, então dá mais tempo de explorar as coisas.	2-Missionario-E.pdf	Positive Point, BLOCKS, readiness, more time to explore	4
P02	2:9	O potencial para uma coisa como isso aqui [usando vários blocos ao mesmo tempo com uma mão] eu acho muito grande. Você tem um giro, você tem um botão.	2-Missionario-E.pdf	BLOCKS, Positive Point, suggests uses	3
P02	2:10	Dependendo do que você mapeou dá pra você desenvolver um virtuosismo disso aqui em pouco tempo.	2-Missionario-E.pdf	BLOCKS, allows to develop virtuosity, Positive Point	3
P02	2:11	Agora nessa opção aqui [os sensores], você precisaria de mais tempo para encontrar isso tudo.	2-Missionario-E.pdf	SENSORS, Negative Point, delay to assemble	3
P02	2:12	E de espaço também. Aqui a gente fica muito preso nesse espaço pequeno aqui [mostrando as mãos em cima da breadboard].	2-Missionario-E.pdf	SENSORS, Negative Point, no physical support	3
P02	2:13	Esse aqui [os sensores] eu acho mais interessante a ideia de você entender como que o gesto se torna informação.	2-Missionario-E.pdf	Positive Point, SENSORS, understand how it works	3
P02	2:14	Ele [os sensores] tem um potencial didático.	2-Missionario-E.pdf	SENSORS, Positive Point, didactic potential	3
P02	2:15	Eu acho que ele [os sensores] é legal para revelar o aspecto técnico.	2-Missionario-E.pdf	SENSORS, Positive Point, understand how it works	3
P02	2:16	Aqui [os blocos] a técnica você não pensa muito. Você esquece dela rápido.	2-Missionario-E.pdf	BLOCKS, technical transparency, Positive Point	3
P02	2:17	Eu me envolvi com os dois. Mas são engajamentos diferentes.	2-Missionario-E.pdf	COMPARISONS, different kinds of engagement	2
P02	2:18	Eu me diverti muito com esse aqui [os sensores]. Passaria a tarde viajando nisso aqui [sensores].	2-Missionario-E.pdf	engagement, SENSORS, fun, Sensation, Positive Point	5
P02	2:19	Aqui [os blocos] eu passo para resolver coisas musicais mais rapidamente.	2-Missionario-E.pdf	BLOCKS, Positive Point, musical interaction, quickness	4
P02	2:20	Mas ao mesmo tempo, de tentar administrar esse espaço aqui.	2-Missionario-E.pdf	Negative Point, SENSORS, no physical support	3
P02	2:21	Máximo de problema técnico foi trocar um módulo de botão por outro porque estava dando mau contato.	2-Missionario-E.pdf	BLOCKS, technical transparency, Positive Point	3
P02	2:22	Você pula logo para questão sonora mesmo, musical.	2-Missionario-E.pdf	BLOCKS, Positive Point, technical transparency, musical interaction	4
P02	2:23	Uma coisa realmente que me deu vontade, me fez ansiar por mais, foi a parte do som. A parte de poder pensar mais parâmetros.	2-Missionario-E.pdf	SOUND, little sound diversity, Negative Point	3
P02	2:24	Pum [mostrando quando se troca um bloco de lugar]. Cai e você tem de lembrar.	2-Missionario-E.pdf	Negative Point, BLOCKS, bug: loose contact, bug: mapping is cancelled	4
P02	2:25	E aqui [os sensores], frustração seria mais essa coisa da posição mesmo. Ficar difícil de administrar esse espaço.	2-Missionario-E.pdf	SENSORS, Negative Point, no physical support	3
P02	2:26	Teve um momento no uso do X [os blocos] que eu entrei em um outro modo. Digamos assim, um modo menos cognitivo e mais intuitivo.	2-Missionario-E.pdf	BLOCKS, engagement, feeling in the flow, Positive Point, Sensation, allows to enter the creative flow	6
P02	2:27	Que aí é o momento realmente que o sistema precisa estar pronto para a pessoa ter um fluxo....Porque, senão, você para. E aí, puta que pariu, você volta para...	2-Missionario-E.pdf	feeling in the flow, GENERAL	2
P02	2:28	Com criação musical e tecnologia isso acontece muito, porque tem a etapa muito interessante que é cuidar do desenvolvimento técnico da coisa.	2-Missionario-E.pdf	feeling in the flow, GENERAL	2
P02	2:29	Tem um momento que eu quero esquecer isso e quero saber que isso aqui eu vou mexer no timbre, que isso aqui eu vou fechar o filtro, que isso aqui eu vou mexer no pitch...	2-Missionario-E.pdf	feeling in the flow, GENERAL	2
P02	2:30	E aí eu não quero mais pensar na conexão. [...] Eu quero fazer outra coisa. Quero botar aquilo ali, mapear e sentir.	2-Missionario-E.pdf	feeling in the flow, GENERAL	2
P02	2:31	Então, quando você passa para esse outro nível que alguma coisa vai lá e te dá um tapa e você tem que voltar... Aí a sua parte criativa meio que dá uma travada.	2-Missionario-E.pdf	feeling in the flow, creativity, GENERAL	3
P02	2:32	Então, no X [os blocos], nesse tempo, teve um momento de passar para esse outro ponto [fluxo criativo]...Eu acho que se olhar o vídeo, eu estou falando muito menos. Eu tô mais absorto naquele processo.	2-Missionario-E.pdf	BLOCKS, creativity, Positive Point, feeling in the flow	4
P02	2:33	Nesse cara aqui [os sensores], você tá pensando o tempo todo.	2-Missionario-E.pdf	Negative Point, SENSORS, cognitive cost	3
P02	2:34	Você sempre fica pulando de um lado para o outro.	2-Missionario-E.pdf	Negative Point, SENSORS, cognitive cost	3
P02	2:35	Mas a ideia aqui [nos sensores] é uma ideia de interface, a ideia aqui [nos blocos] é uma ideia de som.	2-Missionario-E.pdf	COMPARISONS, different kinds of engagement	2
P02	2:36	Mas aqui eu tenho que resolver mais coisas técnicas e de ergonomia.	2-Missionario-E.pdf	Negative Point, solve technicalities, SENSORS	3
P03	3:1	Eu acho o que eu mais demorei para aprender no primeiro momento foi a interface gráfica. E aí, termina que no segundo momento, quando eu fui testar os sensores, eu já estava conhecendo a interface gráfica. Então, eu acho que isso facilitou o uso musical dos sensores.	3-Tomas-E.pdf	interference first-second, EXPERIMENT	2
P03	3:3	Os blocos, engraçado, é simples, mas eu tive no começo uma dificuldade com o encaixe.	3-Tomas-E.pdf	Negative Point, BLOCKS, difficulty placing the blocks	3
P03	3:4	Nos blocos, uma vez ou outra encaixou, mas não foi completamente.	3-Tomas-E.pdf	Negative Point, BLOCKS, difficulty placing the blocks	3
P03	3:5	E os sensores não. Está ali o desenho, encaixei, encaixei e tanto que não deu nenhum bug.	3-Tomas-E.pdf	SENSORS, Positive Point, no bugs, well defined steps	4
P03	3:6	A única coisa da interface dos sensores é como fica tudo muito apertado [...] eu tive de fazer tudo assim em cima da mesa.	3-Tomas-E.pdf	SENSORS, Negative Point, no physical support	3
P03	3:7	Enquanto os blocos, neste sentido, eles dão um uso mais físico.	3-Tomas-E.pdf	Positive Point, BLOCKS, presence of a physical support	3
P03	3:8	Aqui terminou os sensores sendo [...] eu tive mais assim [...] eu me senti mais professor Pardal.	3-Tomas-E.pdf	Sensation, SENSORS, feeling like teacher sparrow or mad scientist	3
P03	3:9	Eu gostei dessa sensação com o fio.	3-Tomas-E.pdf	SENSORS, Positive Point, wire manipulation	3
P03	3:10	Com os fios, como fica tudo muito próximo, eu tive que baixar assim.	3-Tomas-E.pdf	SENSORS, Negative Point, no physical support	3
P03	3:11	Por incrível que pareça, os sensores deixam você mais dentro do processo.	3-Tomas-E.pdf	engagement, SENSORS, Positive Point	3
P03	3:12	Os blocos, por outro lado, eles possibilitam mais um uso musical.	3-Tomas-E.pdf	BLOCKS, musical interaction, Positive Point	3
P03	3:13	Fisicamente, eles [os blocos] eles são mais cômodos de usar.	3-Tomas-E.pdf	Positive Point, BLOCKS, presence of a physical support	3
P03	3:14	Tanto os blocos, quanto os sensores, são muito intuitivos.	3-Tomas-E.pdf	COMPARISONS, intuitive	2
P03	3:15	Ver o desenho e conectar, dá um estímulo...."Eita caramba, eu estou conectando aqui uns fios e está dando resultado". Tem uma coisa de desafio......Você se sente mais recompensado com os resultados quando você está com os sensores.	3-Tomas-E.pdf	challenging, SENSORS, rewarding, Sensation, Positive Point, look at the drawing and connect	6
P04	4:1	Como eu gosto muito de trabalhar ao meu meio, adaptar à minha forma, eu achei mais interessante os sensores	4-Jeff-E.pdf	Positive Point, SENSORS, sensor customization	3
P04	4:2	Mas os blocos também, mesmo da forma que eles vêm, já te dá inúmeras possibilidades.	4-Jeff-E.pdf	Positive Point, BLOCKS, presence of a physical support	3
P04	4:3	Muito ruim assim o tempo ser limitado em vinte e cinto minutos que quando você começa a entender, aí o tempo corta	4-Jeff-E.pdf	session limited time, EXPERIMENT	2
P04	4:5	Na primeira veio um tanto da dificuldade da parte gráfica. ...Eu só achei que foi mais rápido, porque eu já tinha tido o entendimento do software. Não que ele influenciou. A única influência foi o software.	4-Jeff-E.pdf	interference first-second, EXPERIMENT	2
P04	4:6	O outro [os blocos] está pronto. Ele tem a vantagem de estar pronto se você quer algo mais rápido.	4-Jeff-E.pdf	Positive Point, quickness, BLOCKS	3
P04	4:7	Se você tem um produto pronto, quer comprar, você já está com aquilo pronto. Você não vai precisar ter um pós-trabalho nisso.	4-Jeff-E.pdf	Positive Point, BLOCKS, technical transparency, readiness	4
P05	5:1	[Os sensores] achei mais simples e também bem mais fácil de usar.	5-Dolores-E.pdf	Positive Point, SENSORS, sensors simplicity, sensor ease of use	4
P05	5:2	Os blocos têm um aspecto lúdico, porque ele te obriga a montar, a enfiar as coisas, a testar. Esse aspecto lúdico me entreteve muito mais.	5-Dolores-E.pdf	Positive Point, playful, BLOCKS	3
P05	5:3	O segundo momento [os blocos] passou muito mais rápido. Eu estava realmente mais envolvido.	5-Dolores-E.pdf	BLOCKS, Positive Point, engagement	3
P05	5:4	O fato de você ter várias formas. Você tem uma construção de design e isso daí já é atraente. E depois você ficar ali encaixando como se fosse um jogo, por si, já é um envolvimento bem interessante.	5-Dolores-E.pdf	Positive Point, BLOCKS, playful, presence of a physical support	4
P06	6:1	é um pouco mais intuitivo para você usar.	6-Yuri-E.pdf	BLOCKS, Positive Point, intuitive	3
P06	6:2	Os sensores, a princípio, eles parecem assustar um pouco mais, dá um pouco mais de impacto, por parecer ser só uma caixa preta aberta.	6-Yuri-E.pdf	Negative Point, SENSORS, initial impact	3
P06	6:3	Os sensores são mais para quem tem uma instiga de bulir, essa coisa mais buliçosa mesmo.	6-Yuri-E.pdf	SENSORS, Positive Point, it is curious	3
P06	6:4	A interface dos sensores é um pouco mais complicada, objetivamente, por serem estruturas muito miudinhas,	6-Yuri-E.pdf	reduced dimensions, Negative Point, SENSORS	3
P06	6:5	Os sensores podem dar uma liberdade maior por eles não estarem já estruturados.	6-Yuri-E.pdf	SENSORS, Positive Point, freedom	3
P07	7:1	eles são bem originais para mim	7-Fernando-E.pdf	BLOCKS, Positive Point, original	3
P07	7:2	Então, me suscitou essa coisa da criatividade, de você querer criar coisas, experimentar possibilidades.	7-Fernando-E.pdf	creativity, BLOCKS, Sensation, Positive Point	4
P07	7:3	A parte gráfica é relativamente intuitiva, mas com pouco esforço você consegue fazer mais. Ele tem uma carcaça intuitiva.	7-Fernando-E.pdf	GUI, Positive Point, intuitive	3
P07	7:4	Eu achei tudo muito intuitivo. Os blocos achei fantástico, fenomenal. O tempo dá vontade de você ficar mais tempo experimentando.	7-Fernando-E.pdf	BLOCKS, Positive Point, intuitive	3
P07	7:5	Se tivesse mais opções de timbres para poder explorar mais ou algo que me pudesse dar um arpeggiatorzinho, um sequencer, coisas desse tipo.	7-Fernando-E.pdf	SOUND, Negative Point, little sound diversity	3
P07	7:6	Mas ali te mostra outro potencial de coisa. É como se eu tivesse antes de criar os blocos.	7-Fernando-E.pdf	Positive Point, SENSORS, understand how it works	3
P07	7:7	O outro era uma coisa mais que botava não dava certo, trocava o outro e ia experimentando até achar o legal.	7-Fernando-E.pdf	Positive Point, BLOCKS, quickness	3
P07	7:8	Então, ele mostra um potencial animador,me dá uma curiosade,	7-Fernando-E.pdf	SENSORS, Positive Point, it is curious	3
P07	7:10	Esse é um cabo que saía... Então você começa a fica um pouco angustiado... com o cabo, será que o cabo tá no lugar certo? O cabo sai...	7-Fernando-E.pdf	Negative Point, Sensation, SENSORS, no feedback if it was working, feeling worried	5
P07	7:11	Vejo. Porque o sensor ele tá cru, né? Então o sensor me dá a impressão que eu posso fazer coisas mais [...] gambiarra, experimentar.	7-Fernando-E.pdf	SENSORS, Positive Point, sensor customization	3
P07	7:12	[Os sensores] por ser mais cru acaba dando essas surpresas,	7-Fernando-E.pdf	Positive Point, SENSORS, it is surprising	3
P07	7:13	mas tem mais desgaste intelectual. [...] mentalmente demanda mais, eu acho.	7-Fernando-E.pdf	Negative Point, SENSORS, cognitive cost	3
P07	7:14	[Os sensores] mexem com outras coisas [interesses] minhas.	7-Fernando-E.pdf	SENSORS, Positive Point, engagement	3
P07	7:15	O outro não, é um instrumento que tá pronto, não importa se é um processador, se é um computador, não sei o que tá por trás ali, mas ele é bastante inteligível em si mesmo.	7-Fernando-E.pdf	BLOCKS, readiness, Positive Point	3
P07	7:16	Então os dois me deram engajamentos diferentes.	7-Fernando-E.pdf	COMPARISONS, different kinds of engagement	2
P07	7:17	De estúdio, nesse aí [sensores] o cara poder se abraçar com ele e passar uma tarde no estúdio.	7-Fernando-E.pdf	Context of Use, SENSORS	2
P07	7:18	Mas no palco, não tem condições, eu tenho de chegar com algo pronto. Então, as caixinhas, os blocos, aquele ali o cara pode carregar, bota um kit ali e bota no corpo, sei lá, experimenta com mais dureza, mais robustez, menos frágil.	7-Fernando-E.pdf	BLOCKS, Positive Point, Context of Use, robustness	4
P07	7:19	Eu senti que a interface dos blocos parece muito, senão pronta, quase pronta para encarar uma experiência com um público maior. E para palco, para você levar para uma gig e tocar.	7-Fernando-E.pdf	Positive Point, BLOCKS, readiness	3
P07	7:20	Os sensores é a fragilidade da conectividade.	7-Fernando-E.pdf	feeling frustrated, SENSORS, Negative Point, fragility	4
P07	7:21	Então, o cabinho é frágil. Se você move, com o toque ele solta e desconecta lá [na interface gráfica].	7-Fernando-E.pdf	SENSORS, Negative Point, fragility	3
P07	7:22	A extensão do fio, então você começa a ficar com um monte de coisa próxima. Então, você tem de arranjar uma forma de tocá-los, de ser quase que uma marimba ali na tua mão.	7-Fernando-E.pdf	SENSORS, Negative Point, reduced space	3
P07	7:23	É divertido, [...] mas é frustrante porque você sente que tem um embate mais físico, estratégico, ali para ter um som.	7-Fernando-E.pdf	feeling frustrated, SENSORS, Negative Point, Sensation, delay to reach the sound	5
P07	7:24	Nos blocos, a frustração no máximo é tipo, no turntable é pressão e giro, aí se você gira ao mesmo tempo que pressiona, você perde o contato algumas vezes. São coisas que são finas e você cria o hábito.	7-Fernando-E.pdf	BLOCKS, feeling frustrated, bug: loose contact, Negative Point, Sensation	5
P07	7:25	Ter uma quantidade maior de timbres	7-Fernando-E.pdf	Suggestions for SOUND, SOUND	2
P07	7:26	Ter uma resposta gráfica: ver se o sinal tá chegando para eu poder endereçar melhor.	7-Fernando-E.pdf	Suggestions for GUI, GUI	2
P07	7:27	O bloco eu senti ele robusto, não senti frágil. O peso, a forma como eles estão colado. Eu senti algo rígido, algo firme. Não senti que pode quebrar.	7-Fernando-E.pdf	BLOCKS, Positive Point, robustness	3
P08	8:1	Eu gostei da conectividade rápida.	8-Miguel-E.pdf	quickness, BLOCKS, Positive Point	3
P08	8:2	Mas a conectividade dele é bem interessante, bem instantânea.	8-Miguel-E.pdf	Positive Point, BLOCKS, quickness	3
P08	8:3	Falta um pouco de mais informação da interface [gráfica] para o executante.	8-Miguel-E.pdf	GUI, Negative Point, no information	3
P08	8:4	Po, eu queria aprender a usar o Arduino.	8-Miguel-E.pdf	interested in electronics, PERSONAL	2
P08	8:5	Realmente, [com] o Arduino você tem de ter calma. É outro timing.	8-Miguel-E.pdf	SENSORS, Negative Point, delay to assemble	3
P08	8:6	Eu tenho miopia e...	8-Miguel-E.pdf	PERSONAL, vision problems	2
P08	8:7	Eu não consigo achar direito.	8-Miguel-E.pdf	Negative Point, SENSORS, reduced dimensions	3
P08	8:8	Eu gostei. [...] com alguns sensores ali eu fiquei bem curioso.	8-Miguel-E.pdf	Sensation, SENSORS, curiosity, it is curious, Positive Point	5
P08	8:9	Talvez se na interface eu pudesse alterar, por exemplo, o range de alguns parâmetros, isso seria massa.	8-Miguel-E.pdf	GUI, Suggestions for GUI	2
P08	8:10	mas eles têm a limitação de serem blocos.	8-Miguel-E.pdf	BLOCKS, blocks limitations, Negative Point	3
P08	8:11	E aí os sensores, você imagina, por exemplo, projetos talvez mais integrados com outros instrumentos... Talvez, de alguma forma, conseguir criar uma... hackear instrumentos já existentes. Ou construir recipientes... Você mesmo fazer o seu e colar. Isso eu acho que é a vantagem maior dos sensores independentes.	8-Miguel-E.pdf	SENSORS, Positive Point, freedom	3
P08	8:12	No meu caso, por exemplo, o Arduino é uma coisa ainda muito misteriosa, trabalhar com os cabinhos. Então, a vontade que o cara tem de entender, de aprender mesmo. De aprender o que acontece, o funcionamento.	8-Miguel-E.pdf	interested in electronics, PERSONAL	2
P08	8:13	Já os blocos, a vontade é de construir um instrumento sonoro mesmo. Na minha cabeça, eu queria fazer uma diagramação nele que eu conseguisse tocar uma coisa massa.	8-Miguel-E.pdf	BLOCKS, musical interaction, Positive Point	3
P08	8:14	Ele não é muito ergonômico.	8-Miguel-E.pdf	blocks ergonomics, Negative Point, BLOCKS	3
P08	8:15	Nos blocos, esse distância entre um objeto e outro é muito modular e é muito fácil, mas às vezes dificulta, por exemplo, tentativas de criar formas de	8-Miguel-E.pdf	Negative Point, BLOCKS, difficulty in using only one hand, distance between objects	4
P08	8:17	ele limita algumas possibilidades de ergonomia na forma de tocar.	8-Miguel-E.pdf	blocks ergonomics, Negative Point, BLOCKS	3
P08	8:18	Já os sensores, eu achei que você pensa em possibilidades meio que ilimitadas para construir um objeto que, por exemplo, se encaixe na mão e você consiga manusear.	8-Miguel-E.pdf	freedom, SENSORS, Positive Point	3
P08	8:19	Mas, como ele não tem suporte físico para segurar nada, então acaba que ele é até mais difícil do que [os blocos].	8-Miguel-E.pdf	no physical support, Negative Point, SENSORS	3
P08	8:20	Dá mais liberdade o outro [os sensores]	8-Miguel-E.pdf	SENSORS, freedom, Positive Point	3
P08	8:21	mas o tempo de trabalho é bem maior para a gente gerar uma coisa massa.	8-Miguel-E.pdf	SENSORS, Negative Point, delay to assemble	3
P08	8:22	Mas aí é muito pouco tempo para você [...] essas ideias todinhas.	8-Miguel-E.pdf	session limited time, EXPERIMENT	2
P08	8:23	O Arduino, como tem essa coisas dos sensores, dessa liberdade, eu acho que eu talvez integraria mais facilmente. Integraria pelo fato de eu poder moldar ele a um espetáculo, moldar ele a uma situação.	8-Miguel-E.pdf	freedom, Positive Point, SENSORS	3
P08	8:24	Porque os blocos são muito legais, mas eles têm essa limitação física deles, desse formato que eles já são construídos.	8-Miguel-E.pdf	BLOCKS, Negative Point, blocks limitations	3
P08	8:25	Mas eu acho que os blocos, eles têm mais cara de instrumento. Você consegue imaginar ele em uma mesa, de forma de educação criativa musica ou de programação. Mas também você consegue imaginar ele em um palco experimental com um cara ali construindo uma narrativa.	8-Miguel-E.pdf	BLOCKS, Positive Point, Context of Use, readiness	4
P08	8:26	Integração... Porque os blocos, às vezes, afastam... E eu já tenho uma mão grande, eu já estava tendo que esticar bastante e, às vezes, não conseguia.	8-Miguel-E.pdf	BLOCKS, Negative Point, blocks ergonomics, difficulty in using only one hand, distance between objects	5
P08	8:27	No segundo [os sensores], é quase impossível tocar e a mesma mão gerar várias informações.	8-Miguel-E.pdf	Negative Point, no physical support, SENSORS	3
P08	8:28	Com certeza, com os blocos. Porque essa coisa da conexão instantânea, eu acho que é ideal para o músico que é meio dummy.	8-Miguel-E.pdf	Positive Point, quickness, BLOCKS	3
P08	8:29	O outro [os sensores], o que eu senti mais foi você tem, pelo menos eu tenho, tesão técnico.	8-Miguel-E.pdf	Sensation, SENSORS, interested in electronics	3
P08	8:30	Tem um tesão diferente que é uma coisa que você acha que está descobrindo uma coisa ali que às vezes não é nem musical talvez, seja meio que uma descoberta de artesão.	8-Miguel-E.pdf	Sensation, Positive Point, interested in electronics, SENSORS	4
P08	8:31	É aqui [os blocos] tem um tesão pelo objeto, pela coisa.	8-Miguel-E.pdf	BLOCKS, engagement, Positive Point	3
P08	8:32	Sobre os sons, eu acho que os sons, eles precisam ter alguns parâmetros mais expressivos ou algumas coisas que tragam respostas musicais mais rápidas. Talvez, uns sequenciadores, por exemplo. Uns sequenciadores que já gerassem uma sequencia que você pudesse manipular. Um arpeggiator, sequenciador, talvez formas de você mapear vozes diferentes do sintetizador.	8-Miguel-E.pdf	SOUND, Suggestions for SOUND	2
P08	8:33	Talvez mapear efeitos. A gente praticamente não trabalhou com efeitos tradicionais: uns reverbs, delays, distorção.	8-Miguel-E.pdf	SOUND, Suggestions for SOUND	2
P08	8:34	Eu senti falta de coisas mais percursivas. Talvez de sampler.	8-Miguel-E.pdf	SOUND, Suggestions for SOUND	2
P08	8:35	Outra coisa que eu senti falta é realmente alguma forma de tornar a ergonomia da mão... Eu tentei, né? [...] Já ter alguns objetos que já integrassem mais de um coisa da mão....Porque aí, ele deixaria de ser tão experimental e você já começaria a criar uma cultura de performance.	8-Miguel-E.pdf	BLOCKS, blocks ergonomics, Negative Point, difficulty in using only one hand	4
P08	8:36	performar com uma mão só, aproveitando o movimento de uma mão.	8-Miguel-E.pdf	Negative Point, difficulty in using only one hand, BLOCKS	3
P09	9:1	Eu precisaria de mais tempo para começar a explorar mais os sensores. Eu não tive esse tempo.	9-SofiaGalvao-E.pdf	session limited time, EXPERIMENT	2
P09	9:2	[Sobre os blocos] Aí foi muito mais fácil entender e fazer rapidamente, montar um set, para começar a experimentar junto com o software.	9-SofiaGalvao-E.pdf	BLOCKS, Positive Point, quickness	3
P09	9:3	Eu acabei não usando o tempo todo nesse caso, porque eu matei rapidamente a parte física e fui experimentar a parte do software e [cara de frustração] [...] tem muitas limitações.	9-SofiaGalvao-E.pdf	GUI, feeling frustrated, Negative Point, Sensation, GUI limitations	5
P09	9:4	A vantagem é possibilidade. Está aberto, é um campo aberto a possibilidade.	9-SofiaGalvao-E.pdf	Positive Point, SENSORS, sensor customization, possible combination with sensors	4
P09	9:5	É a rapidez. É muito gritante a diferença assim de você começar a usar um e começar a usar outro. O outro [os blocos] é [gestos de montar], pronto já matei, já montei o meu set ali.	9-SofiaGalvao-E.pdf	BLOCKS, Positive Point, quickness	3
P09	9:6	É a dificuldade de uso. Na verdade, é uma dificuldade de começar a usar. Não é de usar, é de começar a usar.	9-SofiaGalvao-E.pdf	Negative Point, SENSORS, delay to assemble	3
P09	9:7	É porque já está fechado. Limita nesse sentido.	9-SofiaGalvao-E.pdf	Negative Point, BLOCKS, blocks limitations	3
P09	9:8	Eu me senti mais engajada com os sensores, porque eu podia brincar mais com eles.	9-SofiaGalvao-E.pdf	engagement, SENSORS, Positive Point, Sensation, possible combination with sensors	5
P09	9:9	Eu acho que são dois engajamentos diferentes. Tem o engajamento de brincar com o sensor e tem o engajamento de brincar com o sensor junto com um efeito musical.	9-SofiaGalvao-E.pdf	different kinds of engagement, COMPARISONS	2
P09	9:10	Aí no dos sensores eu me senti muito engajada com essa parte [dos fios, das conexões]. É algo que eu gosto. Eu fiquei ali [movimentando os braços simulando a ação de montagem dos fios e sensores] Eu queria explorar muito mais.	9-SofiaGalvao-E.pdf	engagement, interested in electronics, SENSORS, Positive Point	4
P09	9:11	Já no dos blocos, eu acho que eu consegui explorar mais as possibilidades de sensores e quando eu fui para a parte musical, eu tentei criar algo interessante e me frustrei porque eu não consegui.	9-SofiaGalvao-E.pdf	quickness, Positive Point, BLOCKS	3
P09	9:13	A forma de encaixe dos sensores é muito ruim.	9-SofiaGalvao-E.pdf	SENSORS, Negative Point, difficulty connecting the sensors	3
P09	9:14	E a forma de encaixe dos blocos é muito boa.	9-SofiaGalvao-E.pdf	BLOCKS, Positive Point, good way of fitting	3
P09	9:15	Ter um negócio que é maior ou menor e não encaixa direito.	9-SofiaGalvao-E.pdf	BLOCKS, Negative Point, the shapes do not fit	3
P09	9:16	Já nos blocos, eu matei rapidamente e fiquei entediada mesmo, porque na parte musical eu tive dificuldade.	9-SofiaGalvao-E.pdf	Sensation, boredom, BLOCKS	3
P10	10:1	Ele dava a possibilidade de você montar da forma que você quisesse. Então, a forma de personalizar o sistema, eu acho, que ela entrava mais nos mínimos detalhes que você espera dele. Aí você poderia ajustar da forma que você achasse realmente melhor e, a partir daí, você transformava tudo.	10-Renato-E.pdf	freedom, SENSORS, Positive Point	3
P10	10:2	Personalização	10-Renato-E.pdf	Positive Point, sensor customization, SENSORS	3
P10	10:3	Daquela forma como estavam os sensores, eles estão abertos, então qualquer besteira você tira um fio, tem que colocar de novo.	10-Renato-E.pdf	Negative Point, SENSORS, fragility	3
P10	10:4	Já o bloco, ele tá lá, ele pode dar um problema de mau contato, mas é uma coisa muito mais fácil de resolver e difícil de apresentar um problema.	10-Renato-E.pdf	Positive Point, BLOCKS, may present less errors	3
P10	10:5	Facilidade, principalmente para quem não entende do sistema de como monta. Com os cards, fica muito mais fácil, mas imagino que quem nunca teve experiência em ligar aquilo, acho que ia ter uma certa dificuldade.	10-Renato-E.pdf	BLOCKS, Positive Point, easy connection	3
P10	10:6	[Com] os blocos, dá para fazer isso, mas ele tem um limite, porque ele já tem peças já pré-feitas. Tem como personalizar, mas não tem como ir em um nível tão à fundo.	10-Renato-E.pdf	Negative Point, blocks limitations, BLOCKS	3
P10	10:7	Para mim, personalizar até a última instância é um ponto positivo	10-Renato-E.pdf	Positive Point, SENSORS, sensor customization	3
P10	10:8	A forma que são dispostos os controles, porque o botão vai estar de cabeça para baixo, você vai ter de pegar ele, colocar na posição certa. Só esse colocar na posição certa, já pode desconectar alguma coisa. Cada vez que você usar, aqueles sensores vão estar em locais diferentes. Ele não tem uma caixa para deixar tudo certinho.	10-Renato-E.pdf	no physical support, SENSORS, Negative Point	3
P10	10:9	Eu acho que o defeito é a falta de personalizar até a última instância.	10-Renato-E.pdf	Negative Point, blocks limitations, BLOCKS	3
P10	10:10	Esses aspectos iriam inviabilizar a usar no palco.	10-Renato-E.pdf	SENSORS, Context of Use	2
P10	10:11	[Se engajou mais nos] sensores. Porque eu acho divertido montar, fazer, deixar da forma que eu quero.	10-Renato-E.pdf	engagement, SENSORS, fun in assembling, make it the way I want, Sensation, Positive Point	6
P10	10:12	Já os blocos, eles não me deixaram entendiados em nenhum momento, mas eu vejo nele uma limitação (também não deu nesse tempo, usar tudo que ele poderia proporcionar).	10-Renato-E.pdf	Negative Point, blocks limitations, BLOCKS	3
P10	10:13	Com os sensores, você está vendo ali, você que está montando tudo. Então, você sabe exatamente todos os detalhes sobre o sistema.	10-Renato-E.pdf	SENSORS, Positive Point, understand how it works	3
P10	10:14	Outra coisa, já são blocos montados, então você não sabe exatamente o que tem dentro, como foi montado.	10-Renato-E.pdf	BLOCKS, Negative Point, black box	3
P10	10:15	[Nos blocos], é muito mais fácil modificar.	10-Renato-E.pdf	BLOCKS, quickness, Positive Point	3
P10	10:16	A diferença é que você leva um tempo para montar.	10-Renato-E.pdf	Negative Point, SENSORS, delay to assemble	3
P10	10:18	Sendo do jeito que está, eu usaria os sensores como experimentação, mas se precisasse usar ao vivo, eu não usaria, eu usaria os blocos, no palco. Em casa, seria mais [os sensores].	10-Renato-E.pdf	Context of Use, COMPARISONS	2
P10	10:19	Os blocos, eu posso mudar de ideia e, o botão que está de um lado, eu coloco do outro. Não tenho de fazer uma nova caixa.	10-Renato-E.pdf	BLOCKS, Positive Point, easy connection, presence of a physical support	4
P10	10:20	Ah, os blocos. Por causa desses problemas dos sensores, dos fios, de soltar. Eu penso para usar fazendo o PA de um show	10-Renato-E.pdf	Context of Use, BLOCKS	2
P10	10:22	Se eu for tocar e usar em palco, eu não poderia usar os sensores, teria que usar os blocos.	10-Renato-E.pdf	Context of Use, BLOCKS, Positive Point	3
P10	10:23	Se for para usar dentro de um estúdio pra controlar o ProTools ou o Ableton Live, é muito arriscado trabalhar com os sensores.	10-Renato-E.pdf	Context of Use, SENSORS	2
P10	10:24	Porque os blocos eram muita coisa, muita informação, muitas possibilidades. Aí primeiro eu tive de colocar na minha cabeça para que servia cada coisa, cada controle. Para entender qual controle controlaria melhor cada parâmetro. Para eu poder setar da forma que eu gostaria, para poder começar a fazer música.	10-Renato-E.pdf	too many things, Negative Point, BLOCKS	3
P10	10:25	Os sensores não, eu fiz um potenciometro, um negócio de posição e os botões, com aquilo eu já comecei a fazer música. O resto do ia [adicionando], mas eu já estava fazendo música.[Os sensores] te obrigam a uma lógica. [Essa lógica te faz não ver o mundo como uma infinidade de possibilidades].	10-Renato-E.pdf	SENSORS, forces you to a logic, Positive Point	3
P11	11:1	Os blocos eu achei mais simples, porque a conexão deles é mais fácil. Você encaixou já está valendo.	11-Hermano-E.pdf	Positive Point, BLOCKS, easy connection	3
P11	11:2	Uma dificuldade que eu tive foi associar a função do bloco a cada função do sintetizador.	11-Hermano-E.pdf	GUI, Negative Point, cannot control information	3
P11	11:3	Os blocos eu achei muito mais simples porque é só um encaixe. Você não tem que estar olhando um manual para poder ligar os negócios.	11-Hermano-E.pdf	Positive Point, BLOCKS, good way of fitting, blocks simplicity	4
P11	11:4	O complicado dela [da interface dos sensores] é porque são muitas ligações que você tem que fazer para usar um único sensor.	11-Hermano-E.pdf	SENSORS, Negative Point, many connections for a single sensor	3
P11	11:5	Tem sensor que você liga cinco fios, seis. Então, dificulta mais a interação com o próprio dispositivo, porque você tem mais trabalho para ligar um dispositivo lá qualquer e aí tem a dificuldade de associar aquele dispositivo à função, ao parâmetro que ele controla. Aí, juntando os dois, os sensores foram muito mais complexos.	11-Hermano-E.pdf	Negative Point, SENSORS, delay to assemble, many connections for a single sensor	4
P11	11:6	Porque, pelo que eu percebi, são bem equivalentes [os sensores e os blocos] os dispositivos.	11-Hermano-E.pdf	noticed equivalence blocks-sensor, EXPERIMENT	2
P11	11:7	[Vantagem blocos em relação ao sensor] Facilidade de uso, basicamente.	11-Hermano-E.pdf	Positive Point, BLOCKS, ease of use	3
P11	11:9	Eu acho que com os blocos você consegue experimentar mais, então isso empolga mais. Faz com que você fique mais engajado no uso daquele dispositivo.	11-Hermano-E.pdf	engagement, BLOCKS, possible combination with blocks, Sensation, Positive Point	5
P11	11:10	[Frustração] Eu acho que é mais da associação do parâmetro controlado com o dispositivo que você está usando.	11-Hermano-E.pdf	GUI, feeling frustrated, Negative Point, Sensation, cannot control information	5
P11	11:11	[Sobre qualquer entrada poder se conectar com qualquer saída] Mas você consegue conectar, aí pode causar uma frustração nesse sentido.	11-Hermano-E.pdf	feeling frustrated, GUI, no mapping restrictions, Sensation, Negative Point	5
P11	11:12	Com os blocos, pela facilidade de experimentação. Você bota um bloco, não deu certo, você tira, bota outro, "ah, aqui eu consigo controlar o que eu quero controlar". Então, fica mais fácil do que você tirar quatro cabos e botar mais quatro.	11-Hermano-E.pdf	easy connection, Positive Point, BLOCKS	3
P11	11:13	O sensor como não tem uma estrutura física fixa, aí você conecta ele, mas aí ele fica meio pendurado no negócio. Aí, dificulta.	11-Hermano-E.pdf	no physical support, SENSORS, Negative Point	3
P11	11:14	Já no bloco, eu conseguia girar a rodinha [turntable] e apertar um botão ao mesmo tempo, porque ele estava fixo.	11-Hermano-E.pdf	Positive Point, BLOCKS, presence of a physical support	3
P12	12:1	[Sobre os blocos] A primeira sensação do uso é uma sensação muito legal. Uma sensação de estar com uns brinquedos.	12-Helder-E.pdf	BLOCKS, playful, Positive Point	3
P12	12:2	É uma sensação legal e como tem um monte de coisas, aí é uma sensação bem divertida.	12-Helder-E.pdf	BLOCKS, Sensation, fun, possible combination with blocks, Positive Point	5
P12	12:3	Os blocos são mais divertidos....Porque os blocos estão mais diretos.	12-Helder-E.pdf	BLOCKS, Positive Point, more direct, fun	4
P12	12:4	Essa coisa de ter de ligar os fios, é divertido também, mas demora mais.	12-Helder-E.pdf	SENSORS, Negative Point, delay to assemble	3
P12	12:5	Como o que me interessa é o som, eu quero ver logo os sons....E aí esses estágios de ter de ligar os fios e ter que estar certo, ele vai demorar mais e causa um pouco mais de angústia.	12-Helder-E.pdf	Negative Point, SENSORS, delay to reach the sound	3
P12	12:6	Com os sensores, você tem essa sensação, de que você primeiro precisa fazer uma ligação que não tem nada a ver com o som.	12-Helder-E.pdf	Negative Point, SENSORS, delay to assemble	3
P12	12:7	[Sobre os blocos] É uma sensação de não estar precisando ter que fazer uma montagem antes de começar a tirar som.	12-Helder-E.pdf	Positive Point, BLOCKS, easy assemblage	3
P12	12:8	Os sensores dão essa sensação de que você tem de fazer uma coisa antes.	12-Helder-E.pdf	Negative Point, SENSORS, delay to assemble	3
P12	12:9	E os outros [os blocos] não. O montar e o desmontar já é uma coisa direta.	12-Helder-E.pdf	BLOCKS, Positive Point, easy assemblage, easy connection	4
P12	12:10	Fazer uma ligação para ter uma coisa que os blocos não estejam oferecendo.	12-Helder-E.pdf	freedom, SENSORS, Positive Point	3
P12	12:11	[Com] os blocos você se engaja mais, tem um engajamento maior, porque já está tudo pronto, você não tem que montar. Isso gera um engajamento maior.	12-Helder-E.pdf	BLOCKS, engagement, Sensation, Positive Point, readiness	5
P12	12:12	Na prioridade e na rapidez de usar as coisas que eu já tenho, eu não tenho a menor dúvida que seria os blocos.	12-Helder-E.pdf	BLOCKS, Positive Point, integration with existing things, quickness	4
P12	12:13	[Tem interesse] para aprender o Arduino e aí já é o contrário, não tem nada a ver com o som....É uma outra vontade. É uma vontade de criar. [sobre usar os sensores]	12-Helder-E.pdf	interested in electronics, PERSONAL	2
P12	12:14	[Sobre usar os blocos na própria prática] Com certeza, usaria mais rápido, mais interativo e tiraria resultados melhores e mais rápidos com os blocos.	12-Helder-E.pdf	BLOCKS, Positive Point, quickness	3
P12	12:15	Tem muitas possibilidades para pouco tempo.	12-Helder-E.pdf	session limited time, EXPERIMENT	2
P12	12:16	[Sobre qual foi mais rápida] Os blocos sem dúvida. Experimentei muito mais coisas e saquei muito mais.	12-Helder-E.pdf	quickness, BLOCKS, Positive Point	3
P12	12:17	Deu para perceber que também chegaria a uma experiência musical, mas nos blocos é muito mais eficiente, muito mais eficaz, muito mais possível.	12-Helder-E.pdf	BLOCKS, musical interaction, Positive Point	3
P12	12:18	Não deu tempo de ter o desfrute de algo novo.	12-Helder-E.pdf	session limited time, EXPERIMENT	2
P13	13:1	Eu gosto de brincar com o Arduino.	13-JoaoMarcelo-E.pdf	interested in electronics, PERSONAL	2
P13	13:2	Tem um negócio é que é muito pequenininho. Então, tem uma hora que era para botar no trinta e dois e eu botei no trinta e quatro. [Descrevendo que não sabia onde era o erro] Botei o pino no lugar errado, aí perdi um tempo com isso.	13-JoaoMarcelo-E.pdf	Negative Point, reduced dimensions, SENSORS	3
P13	13:3	A gente leva muito mais tempo para setar do que com os blocos.	13-JoaoMarcelo-E.pdf	Negative Point, SENSORS, delay to assemble	3
P13	13:4	Eu achei divertido, mas as coisas ficam soltam também: tem dois botões aqui que você tem de pegar assim [fazendo gesto de botões espaçados nos dedos]. Para interagir, as coisas estão soltas na mesa, então ficava ruim de manobrar, de interagir com o sensores.	13-JoaoMarcelo-E.pdf	SENSORS, no physical support, Negative Point	3
P13	13:5	[Sobre os blocos] Foi muito mais fácil, mais organizado para você usar.	13-JoaoMarcelo-E.pdf	BLOCKS, Positive Point, ease of use	3
P13	13:8	Mesmo assim, você fica tentando, mas são só duas mãos, não é? Às vezes, você quer mexer em três coisas ao mesmo tempo. Eu ficava meio assim [fazendo gesto de dedos espalhados com esforço].	13-JoaoMarcelo-E.pdf	BLOCKS, Negative Point, difficulty in using only one hand, distance between objects	4
P13	13:9	Tem, pelo fato da caixa preta estar aberta. É massa para quem está interessado em entender um pouquinho mais como as coisas funcionam.	13-JoaoMarcelo-E.pdf	SENSORS, Positive Point, understand how it works	3
P13	13:10	A princípio, para músico, o bloco é muito mais interessante.	13-JoaoMarcelo-E.pdf	BLOCKS, musical interaction, Positive Point	3
P13	13:11	A vantagem comparando é que é mais pronto, é mais instrumento mesmo. A caixa preta faz você perceber o instrumento. A vantagem da caixa preta, você olha aquilo e fala: "ah, isso é um instrumento".	13-JoaoMarcelo-E.pdf	BLOCKS, Positive Point, readiness	3
P13	13:12	Eu tive bom engajamento nos dois. No primeiro [sensores], mas por uma coisa maker do que uma coisa música. Acho que a longo prazo, eu acho que os blocos iam me prender por mais tempo.	13-JoaoMarcelo-E.pdf	different kinds of engagement, COMPARISONS	2
P13	13:13	questão de iniciação musical	13-JoaoMarcelo-E.pdf	Context of Use, BLOCKS	2
P13	13:14	Os blocos, porque eu passei menos tempo montando.	13-JoaoMarcelo-E.pdf	musical interaction, BLOCKS, Positive Point	3
P13	13:15	Se a gente permear muito mais na vantagem, a gente vai entrar em cultura maker ou em músico. "É do caralho munir todo mundo, abre as coisas, sabe mexer, fuderoso". Aí a gente já está se distanciando... a gente está falando do Arduino e não está falando de [música].	13-JoaoMarcelo-E.pdf	maker culture vs musical interaction, GENERAL, different kinds of engagement	3
P13	13:16	Isso é bem mais rápido.	13-JoaoMarcelo-E.pdf	quickness, BLOCKS, Positive Point	3
P13	13:17	Tudo fica mais fácil de colocar, testar.	13-JoaoMarcelo-E.pdf	Positive Point, BLOCKS, easy connection	3
P13	13:18	outro é de isso aí ser um instrumento mesmo.	13-JoaoMarcelo-E.pdf	BLOCKS, Context of Use	2
P14	14:1	Achei trabalhoso. É uma coisa que você precisa de mais tempo para poder chegar em resultados que a tua mente imagina.	14-Leo-E.pdf	Negative Point, SENSORS, delay to assemble	3
P14	14:2	Assim, achei igualmente prazeroso. Logicamente, tem a coisa do kit de você montar.	14-Leo-E.pdf	SENSORS, Positive Point, assembly kit	3
P14	14:3	Mas ao mesmo tempo é mais lento, é um processo mais lento.	14-Leo-E.pdf	SENSORS, Negative Point, delay to assemble	3
P14	14:4	Na coisa da música, especificamente, utilizando para a música, existe muito essa necessidade de você imaginar e conseguir viabilizar aquilo da tua imaginação o mais rápido possível.	14-Leo-E.pdf	quickness, GENERAL	2
P14	14:5	E aí, eu achei que com os sensores você demora um pouco mais para chegar naquele resultado que você imagina.	14-Leo-E.pdf	Negative Point, SENSORS, delay to assemble	3
P14	14:6	Ao mesmo tempo, os sensores possibilitam você chegar a resultados que você não imagina. Que é uma coisa legal.	14-Leo-E.pdf	Positive Point, SENSORS, it is surprising	3
P14	14:7	Então, quanto mais rápido você conseguir viabilizar aquilo que você imagina, melhor.	14-Leo-E.pdf	quickness, GENERAL	2
P14	14:8	Adorei os blocos. Adorei mesmo exatamente por essa velocidade de você imaginar uma coisa, "e se eu conectasse isso com isso aqui", e aí você pega o bloquinho e encaixa e ele já aparece.	14-Leo-E.pdf	quickness, Positive Point, BLOCKS	3
P14	14:9	a coisa da plaquinha ser pequena dificulta um pouco	14-Leo-E.pdf	Negative Point, SENSORS, reduced dimensions	3
P14	14:10	Com os blocos, essa coisa é muito mais rápida. Pensou, imaginou, pegou, encaixou, ele já aparece na tela, isso é muito legal.	14-Leo-E.pdf	BLOCKS, quickness, Positive Point	3
P14	14:11	Talvez, os sensores tenham uma vantagem se você talvez puder criar conexões entre eles. [...] um [sensor] possa alterar o que o outro está fazendo.	14-Leo-E.pdf	SENSORS, Positive Point, sensor customization	3
P14	14:12	Para mim, eu me senti [...] trabalhando de forma mais rápida, que aí no caso deixa a criatividade fluir mais facilmente com os blocos.	14-Leo-E.pdf	Sensation, quickness, Positive Point, BLOCKS, feeling in the flow, creativity	6
P14	14:13	Assim, eu não sei também se tem a ver com a coisa dos sensores, por eles estarem conectados na placa e não ter uma ergonomia, eles ficam meio que... o fio meio solto, então, para usar, é meio complicado.	14-Leo-E.pdf	SENSORS, Negative Point, no physical support	3
P14	14:14	E com os [blocos] não, você tem uma caixinha, um espaço físico delimitado. É como se a interface física dos [blocos], é melhor.	14-Leo-E.pdf	Positive Point, BLOCKS, presence of a physical support	3
P14	14:15	No final das contas, os componentes são os mesmos, mas os [blocos] já vem mais pronto.	14-Leo-E.pdf	noticed equivalence blocks-sensor, EXPERIMENT	2
P14	14:16	Novamente, foram os blocos. Por causa de você imaginar e você conseguir atingir mais facilmente aquilo que imaginou.	14-Leo-E.pdf	BLOCKS, Positive Point, engagement	3
P14	14:17	Eu me senti frustrado, mas não foi pelos sensores nem pelos blocos, foi pelo software. [Comenta sobre a impossibilidade de colocar duas entradas para a mesma saída.	14-Leo-E.pdf	GUI, feeling frustrated, impossible to put two input to the same output, Negative Point, Sensation	5
P14	14:18	Mas assim, pelo tempo limitado, não dá para você experimentar tudo, né?	14-Leo-E.pdf	session limited time, EXPERIMENT	2
P14	14:19	O segundo termina sendo mais fácil de usar, mais fluido, do que o primeiro. Independente de serem sensores ou blocos.	14-Leo-E.pdf	interference first-second, EXPERIMENT	2
P14	14:20	Me daria possibilidades de modificar a minha interface de controle de acordo com cada coisa que precisasse. Mas seria uma coisa muito mais rápida.	14-Leo-E.pdf	BLOCKS, Positive Point, versatility, quickness	4
P14	14:21	Imaginar e rapidamente montar.	14-Leo-E.pdf	BLOCKS, Positive Point, quickness	3
P14	14:22	Para mim, a experiência musical foi melhor nos blocos porque eu consegui chegar em uma coisa musical mais facilmente.	14-Leo-E.pdf	BLOCKS, musical interaction, Positive Point	3
P14	14:23	Mas a coisa de eles estarem jogados ao lado da placa, eles terminam se tornando menos precisos musicalmente falando.	14-Leo-E.pdf	Negative Point, SENSORS, no physical support	3
P14	14:24	Então, quando você tem os controles já "presos" do que soltos com os fios, musicalmente falando, para chegar em notas musicais, eu achei melhor os blocos.	14-Leo-E.pdf	BLOCKS, Positive Point, presence of a physical support	3
P14	14:25	Eu diria é que com os sensores você demora mais. Mais uma questão de tempo.	14-Leo-E.pdf	Negative Point, SENSORS, delay to assemble	3
P15	15:1	[Sobre os blocos] Eu me senti meio intimidado pela quantidade de acessórios que você encaixava nas coisas.	15-André-E.pdf	Negative Point, BLOCKS, too many things	3
P15	15:2	Mas eu me senti intimidado com a quantidade de coisas. Eu acho que eu não usei nem dez porcento do que tinha.	15-André-E.pdf	BLOCKS, Negative Point, too many things	3
P15	15:3	Porra, coisa para cacete aqui....Eu fiquei um pouco overwhelmed.	15-André-E.pdf	Negative Point, too many things, BLOCKS	3
P15	15:4	[Sobre os sensores] Eu fiquei com uma sensação mais agradável quando eu usei a placa que eu fui colocando, encaixando, os sensores e montando.	15-André-E.pdf	Positive Point, Sensation, SENSORS, wire manipulation, fun	5
P15	15:5	Eu acho que eu pensei um pouquinho antes no que eu ia fazer, ao contrário de ficar encaixando. E aí saiu bem mais rápido para começar a gerar um som. Pelo menos, a impressão que eu tive é que eu sabia mais o que eu estava querendo gerar.	15-André-E.pdf	Positive Point, SENSORS, forces you to a logic	3
P15	15:6	[Sobre os sensores] Foquei naquilo, realizei....[Com os sensores] Aí eu fui muito mais focado. ...Eu acho que desse jeito, eu fui mais efetivo.	15-André-E.pdf	forces you to a logic, Positive Point, SENSORS	3
P15	15:7	Eles [os blocos] dão uma sensação mais material.	15-André-E.pdf	Positive Point, BLOCKS, presence of a physical support	3
P15	15:8	Na minha cabeça, é que era mais objetivo. Eu não tive uma curva de aprendizado. Eu sabia que eu tinha as cartas cada um explicando o que cada sensor era e como ligar eles. Eu defini quais eram os sensores que eu queria ligar, segui os passos e realizei.	15-André-E.pdf	SENSORS, Positive Point, well defined steps	3
P15	15:9	O outro [os blocos], eu tinha de descobrir como é que aquelas coisas estavam funcionando e isso aí me gerou um certo... Eu fiquei meio: "coisa para cacete, eu acho que não vou usar nem dez porcento disso".	15-André-E.pdf	too many things, BLOCKS, Negative Point	3
P15	15:10	[Sobre a conexão dos blocos] No momento que eu senti que a interface do bloco bastava você dropar a caixinha do controlador específico [...] ali dentro isso já tava totalmente mapeado [no sentido de aparecer na tela] isso foi	15-André-E.pdf	Sensation, Positive Point, BLOCKS, easy connection, fun	5
P15	15:11	extremamente agradável. Eu achei isso muito bom, plug-and-play em tempo real.	15-André-E.pdf	BLOCKS, Positive Point, immediate	3
P15	15:12	No caso do sensor, eu tirava o óculos para poder ver direito e colocar. Eu errei algumas vezes.	15-André-E.pdf	reduced dimensions, Negative Point, SENSORS, vision problems	4
P15	15:13	Eu acho que se fosse para fazer alguma coisa de performance, eu ia muito mais para os blocos, porque eu teria muito menos chances de fazer merda.	15-André-E.pdf	Context of Use, BLOCKS	2
P15	15:14	[Sobre os blocos] Eu acho que você acaba tendo muito mais controle sobre o seu ambiente, porque você sabe, você dropou o negócio [o bloco], começou a funcionar, você tirou e botou outro, trocou, mapeou lá, um abraço [no sentido de conseguir/ter sucesso].	15-André-E.pdf	Positive Point, BLOCKS, easy connection	3
P15	15:15	[Com os sensores e fios] Você ganha uma possessividade maior, um sentimento autoral maior com relação ao que você está fazendo, porque você está de certo modo montando o negócio.	15-André-E.pdf	Positive Point, SENSORS, possessiveness	3
P15	15:16	[Sobre os blocos] Quando você dropa, é muito mais prático, é muito mais fácil, muito mais seguro, então é muito melhor para performace.	15-André-E.pdf	Positive Point, BLOCKS, robustness, practicality, easy connection	5
P15	15:17	Mas é mais empoderador, para mim, você meter o fio lá dentro e "porra, deu errado, deu certo", pertencimento.	15-André-E.pdf	SENSORS, Positive Point, challenging, rewarding	4
P15	15:18	[Mais rápido conseguiu testar uma ideia] Eu acho que foi igual, mas eu acho que os blocos vão permitir eu fazer isso mais rapidamente.	15-André-E.pdf	BLOCKS, quickness, Positive Point	3
P16	16:1	Mas em um espaço de quinze minutos, os cards eles se fazem essenciais.	16-Carlos-E.pdf	session limited time, EXPERIMENT	2
P16	16:2	A experiência com os sensores, ela é mais aberta, ela lhe passa uma sensação de abertura. É como se você soubesse, que existisse um potencial muito claro ali.	16-Carlos-E.pdf	SENSORS, Positive Point, possible combination with sensors	3
P16	16:3	A questão dos quinze minutos, ela tem um impacto muito grande.	16-Carlos-E.pdf	session limited time, EXPERIMENT	2
P16	16:4	Porque leva um tempo para você ler o card, leva um tempo para você pegar aqueles fiozinhos miúdos e conectar...	16-Carlos-E.pdf	SENSORS, Negative Point, reduced dimensions, delay to assemble	4
P16	16:5	E aí, essa coisa da corrida contra o tempo, e aquela porra daquales fiozinhos, você querendo logo chegar no som!	16-Carlos-E.pdf	SENSORS, Negative Point, delay to assemble, reduced dimensions	4
P16	16:6	A interface gráfica, ela tem um impacto inevitável na experiência. Como foi uma coisa que me parece que realmente você [entrevistador] não refinou e, no fim das contas, você está ali nos blocos ou nos sensores para conseguir gerar um som e a interface gráfica está no meio do caminho...	16-Carlos-E.pdf	GUI, Negative Point, not refined	3
P16	16:7	Talvez a hierarquização dos elementos gráficos pudesse me dar uma pista, uma linguagem gráfica que me desse uma pista para eu conseguir gerar o som o mais rápido possível, para eu entrar na curtição mais rápido.	16-Carlos-E.pdf	GUI, Negative Point, delay to reach the sound	3
P16	16:8	Uma coisa que sempre me instigou muito na minha experiência anterior com sensores (eu já tinha sentido esta mesma curiosidade, sensação de abertura de um mundo de possibilidades que você pode desenvolver com aquilo ali, uma coisa meio cientista maluco). Mexe com esse imaginário.	16-Carlos-E.pdf	SENSORS, Positive Point, it is curious, feeling like teacher sparrow or mad scientist, possible combination with sensors	5
P16	16:9	mas com os blocos eu sinto também um grau de possibilidades, de abertura, e de possibilidades de combinação e de arranjo, de introdução de mais sensores.	16-Carlos-E.pdf	BLOCKS, Positive Point, possible combination with blocks	3
P16	16:10	Eu acho que bloco, nesse aspecto, ele consegue um balanço melhor que o Arduino. Você tem uma coisa pronta ali e, ao mesmo tempo, você consegue enxergar uma abertura de possibilidades. Então, esse balanço é legal: ele é muito customizável e, ao mesmo tempo, ele é muito pronto também. Você consegue rapidamente encaixar e pá.	16-Carlos-E.pdf	Positive Point, BLOCKS, quickness, readiness, possible combination with blocks, blocks customization	6
P16	16:11	Os tipos diferentes, as plataformas diferentes para os blocos [falando das bases], eu acho que elas reproduzem duas formas de aparato clássicas. Você tem o tabletop, que está em cima da mesa, que você bate, aperta e tal, vem do teclado, da bateria, enfim aquilo que está em cima de uma superfície e o que você leva na mão, aí tem muita semelhança com instrumento de sopro pelo formato. Então, você meio que automaticamente faz uma referência, se conecta com essas duas linguagens que são cânones, coisas que até as pessoas que não tem experiência prévia com instrumento musical conseguem entender que existem duas linguagens ali. Uma pessoa com um mínimo de intuitividade vai pegar esse negócio [apontando para a base de quatro slots] e vai segurar como se fosse um saxofone, um clarinete. Eu acho que isso é massa	16-Carlos-E.pdf	instrument inheritance, Positive Point, BLOCKS	3
P16	16:12	Os sensores, obviamente, existe uma vantagem que é a sensação de que você pode realmente ir fundo naquilo.	16-Carlos-E.pdf	Positive Point, SENSORS, depth	3
P16	16:13	Readiness. Já está pronta e já uso mais rápido.	16-Carlos-E.pdf	BLOCKS, Positive Point, readiness, quickness	4
P16	16:14	Agora, como eu entrei na interação musical mais rapidamente com os blocos, como eu cheguei onde eu queria mais rapidamente...	16-Carlos-E.pdf	musical interaction, quickness, BLOCKS, Positive Point	4
P16	16:15	Porque existe o engajamento que é da montagem, que é você preparar o setup que você vai usar, isso é muito estimulante, muito engajante. Isso foi igual nos dois.......Existe o engajamento musical, da interação musical, que foi melhor nos blocos porque eu cheguei mais rapidamente.	16-Carlos-E.pdf	different kinds of engagement, COMPARISONS	2
P16	16:16	Existe o engajamento musical, da interação musical, que foi melhor nos blocos porque eu cheguei mais rapidamente.	16-Carlos-E.pdf	engagement, quickness, BLOCKS, Positive Point	4
P16	16:17	E também, porque os sensores, [...] é uma protoboard, é uma [...] de fios que não se seguram no lugar se eu balançar.	16-Carlos-E.pdf	SENSORS, Negative Point, no physical support	3
P16	16:18	No momento do engajamento musical, quando eu tocar, certamente os blocos são mais firmes, seguros, eu consigo dar uma lapada neles sem achar que eu vou soltar os fios.	16-Carlos-E.pdf	BLOCKS, Positive Point, robustness	3
P16	16:19	Eu acho que tem a questão de uma certa demora para tirar o som (tem a ver mais com a interface gráfica).	16-Carlos-E.pdf	GUI, feeling frustrated, Sensation, Negative Point, delay to reach the sound	5
P16	16:20	Eu me frustrei com alguns travamentos, as coisas que se soltaram e perderam contato....	16-Carlos-E.pdf	feeling frustrated, Sensation, Negative Point, bug: loose contact, BLOCKS	5
P16	16:21	ainda está um pouco confusa.	16-Carlos-E.pdf	GUI, Negative Point, confusing	3
P16	16:22	[Sensação de] fazer um patch de Excel ali.	16-Carlos-E.pdf	Sensation, GUI	2
P16	16:23	Na forma atual, eu preferiria usar os sensores. Eu acho que isso tem a ver com um fascínio por eletrônica, [...] pela descoberta, [...] pelo faça-você-mesmo, pelo desenvolvimento. Tem mais a ver com isso do que com a coisa em si.	16-Carlos-E.pdf	SENSORS, interested in electronics, Positive Point	3
P16	16:24	Ao mesmo tempo, eu acho que a formas, as arestas muito agudas, a coisa quadradona, é lúdico, mas para ser uma coisa que eu quisesse integrar na minha atividade musical, eu acho que teria que evoluir um pouco mais (em termos de conceito já está muito avançado) em materialização, em construção. Precisa evoluir muito para eu achar confortável de interagir mesmo. Nem é estético, é ergonômico.	16-Carlos-E.pdf	blocks ergonomics, BLOCKS, Negative Point	3
P16	16:25	Os blocos, certamente, mas está relacionado ao tempo [mais reduzido].	16-Carlos-E.pdf	musical interaction, Positive Point, BLOCKS	3
P17	17:1	Eu achei mais rápido, eu consegui me inteirar com o instrumento, me engajar com o instrumento.	17-Sergio-E.pdf	Positive Point, BLOCKS, quickness, Sensation, engagement	5
P17	17:2	Como já sou músico profissional, essa prática de chegar e já começar a produzir algum resultado sonoro... É o meu tempo, de certa forma eu me cobro mais essa rapidez.	17-Sergio-E.pdf	immediate, GENERAL, delay to reach the sound	3
P17	17:3	Os sensores, foi interessante, [...] eu demorei bastante a produzir mais resultados sonoros.	17-Sergio-E.pdf	Negative Point, SENSORS, delay to reach the sound	3
P17	17:4	E uma questão minha, que é de vista, eu tenho uma coisa do multifocal.	17-Sergio-E.pdf	PERSONAL, vision problems	2
P17	17:5	No bloco, era uma coisa mais imediata de encaixar e já começar, já chegar em algum lugar.	17-Sergio-E.pdf	BLOCKS, immediate, Positive Point	3
P17	17:6	E no caso do outro [os sensores], não. Você precisava colocar um cabo, um outro cabo, outro... Isso para mim era só um complicador nesse momento...	17-Sergio-E.pdf	SENSORS, Negative Point, delay to assemble	3
P17	17:7	Enquanto que nos blocos, eu sinto mais um plug-and-play mesmo. No caso dos sensores, para mim, é um outro tipo de trabalho, é um outro tipo de envolvimento, que eu também curto, agora é um tempo diferente, um timing diferente.	17-Sergio-E.pdf	different kinds of engagement, COMPARISONS	2
P17	17:8	Como se fizesse eu pensar mais sobre o que é esse instrumento, o que é o som, o que é que se configura o som, como é que eu gero um som, que eu produzo um som....Enquanto que o outro [os blocos], já é a etapa mais de produz o som, como é que eu vou partir mais para um estético. Os blocos já abrem diretamente, para mim, uma porta para minha percepção estética, experiência estética.	17-Sergio-E.pdf	different kinds of engagement, COMPARISONS	2
P17	17:9	Fazer funcionar o sensor, para mim, é mais racional do que sensorial....É, ao meu ver, mais lógico, racional.	17-Sergio-E.pdf	different kinds of engagement, COMPARISONS	2
P17	17:10	Para pensar um pouco mais de palco, de cena, talvez o bloco, para mim, vai mais.	17-Sergio-E.pdf	Context of Use, BLOCKS	2
P17	17:11	Agora, para pensar um trabalho, para conceber um concerto, para elaborar uma ideia de concerto, aí talvez o outro [os sensores], na porta de entrada, já me coloca uma série de problemas que eu ia ter que elaborar diferente.	17-Sergio-E.pdf	SENSORS, Context of Use	2
P17	17:12	Por isso que eu estou falando de uma maneira muito rude, mas como se um já fosse mais pro corpo e o outro fosse mais para a mente.	17-Sergio-E.pdf	different kinds of engagement, COMPARISONS	2
P17	17:13	Então, para mim, eu [me] sinto engajado pelos dois. Agora, para ambientes diferentes, circunstâncias diferentes.	17-Sergio-E.pdf	different kinds of engagement, COMPARISONS	2
P17	17:14	Eu acho que o segundo foi influenciado pelo primeiro.	17-Sergio-E.pdf	interference first-second, EXPERIMENT	2
P17	17:15	Eu acho que usaria mais o bloco prevendo algo mais de performance. Palco, cena ou estúdio, enfim. Mas algo que eu precisasse já entrar mais rapidamente nessa esfera da produção musical, resultado musical, resultado estético, artístico ou tocar.	17-Sergio-E.pdf	BLOCKS, Context of Use	2
P17	17:16	Os sensores, eu acho que usaria mais para uma experiência de estudo sobre produção sonora [...] para eu produzir objetos sonoros.	17-Sergio-E.pdf	Context of Use, SENSORS	2
P17	17:17	Foi o dos blocos. [...] eu sentir mais rapidamente o resultado sonoro das minhas conexões.	17-Sergio-E.pdf	quickness, BLOCKS, Positive Point, musical interaction	4
P17	17:18	De modo em geral, eu fui mais rápido em tudo em acho [que] no bloco.	17-Sergio-E.pdf	BLOCKS, quickness, Positive Point	3
P17	17:19	E no outro [os sensores] não, "o negócio não está funcionando, será que eu liguei errado, será que eu não liguei, o que é que está faltando, [...]"	17-Sergio-E.pdf	SENSORS, Negative Point, no feedback if it was working	3
P17	17:20	Os blocos já foram mais uma praticidade de, artisticamente, já contentar linguagens, tentar idiomas, tentar clichês, tentar organizações musicais apresentáveis. O bloco já me carrega mais para uma coisa idiomática e lúdica, nesse jogo coloca aqui, tira aqui, o resultado sai rápido.	17-Sergio-E.pdf	BLOCKS, Positive Point, practicality, playful	4
P17	17:21	Então, isso não é uma questão artística, estética, isso é uma questão mais estrutural mesmo, de engenharia, digamos assim.	17-Sergio-E.pdf	different kinds of engagement, COMPARISONS	2
P18	18:1	Eu achei os dois semelhantes, mas com os sensores eu tive mais dificuldade por conta das ligações no Arduino. Isso me confundiu um pouco.	18-SofiaFreire-E.pdf	Negative Point, SENSORS, difficulty connecting the sensors	3
P18	18:2	Eu acho que com os blocos eu podia ir mais direto ao que eu queria fazer.	18-SofiaFreire-E.pdf	Positive Point, BLOCKS, quickness, more direct	4
P18	18:3	Eu ainda tenho problema de vista	18-SofiaFreire-E.pdf	PERSONAL, vision problems	2
P18	18:4	Eu acho mais prático. Os blocos eu achei mais práticos do que os sensores.	18-SofiaFreire-E.pdf	Positive Point, BLOCKS, practicality	3
P18	18:5	[Os blocos] são menos "prolíxos", menos arrodeios.	18-SofiaFreire-E.pdf	BLOCKS, Positive Point, quickness	3
P18	18:6	Eu acho que a gente que é musico, a gente tem os nossos arrodeios, mas acho que na hora de fazer uma coisa prática, não é isso que a gente quer. Na hora que a gente está criando, na hora que a gente está compondo alguma coisa, a gente quer tocar o dó e tocar o dó, e não de apertar aquela tecla e procurar, girar um knobzinho para eu achar o dó.	18-SofiaFreire-E.pdf	immediate, GENERAL, delay to reach the sound	3
P18	18:7	Mas eu me senti mais engajada mesmo com os sensores, porque eu queria fazer aquilo funcionar, então eu lutei mais para que a aquilo funcionasse do que com os blocos.	18-SofiaFreire-E.pdf	challenging, SENSORS, engagement, Positive Point, Sensation	5
P18	18:8	Sim, às vezes, eu fazia as ligações e não funcionava [...] nos sensores....Eu ligava os sensores e não funcionava. Eu dava um comando e não funcionava.	18-SofiaFreire-E.pdf	SENSORS, feeling frustrated, no feedback if it was working, Sensation, Negative Point	5
P18	18:9	Eu acho que com os blocos, eu acho que foi mais uma frustração na questão de tentar coordenar os comandos ali....Eu queria fazer várias coisas ao mesmo tempo e não consegui. [Pois aconteceu algum bug...]	18-SofiaFreire-E.pdf	BLOCKS, feeling frustrated, cannot do things simultaneously, Sensation, Negative Point	5
P18	18:10	Eu acho que eu usaria os blocos. Acho que por ser mais dinâmico e por gastar menos tempo...	18-SofiaFreire-E.pdf	Positive Point, BLOCKS, quickness	3
P18	18:11	Os blocos podem até trazer uma dinâmica mais interessante, de fazer parte do espetáculo.	18-SofiaFreire-E.pdf	BLOCKS, Context of Use	2
P19	19:1	Quando eu comecei a interagir com o sistema de blocos, eu achei eles bem intuitivos.	19-Pedro-E.pdf	Positive Point, BLOCKS, intuitive	3
P19	19:2	Mas em compensação, eu tive muita dificuldade no acionamento do sintetizador. Eu não sabia como acionar ele corretamente. E como casar as peças que me eram oferecidas com o que eu pretendia fazer com ele [o sintetizador]....E isso me causou um pouco de frustração durante o uso do equipamento dos blocos.	19-Pedro-E.pdf	GUI, Negative Point, cannot control information, feeling frustrated, Sensation	5
P19	19:3	Com os sensores, eu acho que a dinâmica foi outra. Em vez de experimentar várias coisas, (que foi o que os bloquinhos me proporcionaram), eu fui mais direcionado.	19-Pedro-E.pdf	forces you to a logic, SENSORS, Positive Point	3
P19	19:4	E aí o processo foi, em vez de experimentar algo, eu pensei primeiro o que eu queria, vi as ferramentas que eu tinha a minha disposição e construí o sistema com base nelas.	19-Pedro-E.pdf	Positive Point, forces you to a logic, SENSORS	3
P19	19:5	Com certeza, eles são muito mais intuitivos e de uma maneira muito mais simples de montá-los.	19-Pedro-E.pdf	Positive Point, BLOCKS, blocks simplicity, intuitive	4
P19	19:6	O trabalho exigido para a montagem dos sensores é muito maior do que nos blocos, evidentimente. Por conta dessa limitação, eu enquanto usuário me senti mais compelido a já ter um foco do que de forma dispersa.	19-Pedro-E.pdf	Negative Point, SENSORS, forces you to a logic	3
P19	19:7	Como eu estava dizendo, eu acho que um me levou muito mais para experimentação de várias coisas ao mesmo tempo [os blocos], enquanto o outro [os sensores] foi mais fechado.	19-Pedro-E.pdf	Positive Point, BLOCKS, possible combination with blocks	3
P19	19:8	Eu acho que a minha frustração foi muito mais com a interface gráfica do que com os objetos.	19-Pedro-E.pdf	feeling frustrated, Sensation, GUI, Negative Point	4
P19	19:9	Talvez no máximo com os sensores eu tenha sentido um pouco de frustração em relação ao trabalho de montar.	19-Pedro-E.pdf	SENSORS, feeling frustrated, delay to assemble, Negative Point, Sensation	5
P19	19:10	[Quando perdeu todos os mapeamentos feitos depois que aconteceu um mau contato com os blocos] [Me senti] frustrado. Puto! [Risos]	19-Pedro-E.pdf	BLOCKS, feeling frustrated, bug: mapping is cancelled, Negative Point, bug: loose contact	5
P19	19:11	Eu acho que no contexto de aprender, eu utilizaria mais a primeira [os blocos]	19-Pedro-E.pdf	Context of Use, BLOCKS	2
P19	19:12	mas em um contexto de experimentar, a segunda [os sensores].	19-Pedro-E.pdf	Context of Use, SENSORS	2
P19	19:13	Aprender mais em relação à música. Eu acho que os blocos trazem uma possibilidade de você entender um pouquinho mais como é que funciona (não sei se é teoria) a música. Como é que você interage através daqueles objetos físicos com o som que você constrói.	19-Pedro-E.pdf	Context of Use, BLOCKS	2
P19	19:14	Enquanto a segunda [os sensores], ela me dá mais uma sensação de experimentação, de poder estar ali criando sons diferentes, mas com uma base já do que eu queria.	19-Pedro-E.pdf	SENSORS, Context of Use	2