x1,y1,x2,y2,page,file
295.1379,697.5524506,299.5659,706.5524506,8,"/Users/fcac/Dropbox/Mendeley Organized Folder/Cadoz, Wanderley, 2000.pdf"
66.4144,735.12937,235.6547213,747.93417,4,"/Users/fcac/Dropbox/Mendeley Organized Folder/Mulder, 1996.pdf"
66.4144,663.10237,184.8192652,675.90717,4,"/Users/fcac/Dropbox/Mendeley Organized Folder/Mulder, 1996.pdf"
66.4144,749.53477,221.4493963,762.33957,4,"/Users/fcac/Dropbox/Mendeley Organized Folder/Mulder, 1996.pdf"
66.4144,735.12937,235.6547213,747.93417,4,"/Users/fcac/Dropbox/Mendeley Organized Folder/Mulder, 1996.pdf"
66.4144,720.72397,209.3386165,733.52877,4,"/Users/fcac/Dropbox/Mendeley Organized Folder/Mulder, 1996.pdf"
66.4144,706.31857,182.6723004,719.12337,4,"/Users/fcac/Dropbox/Mendeley Organized Folder/Mulder, 1996.pdf"
66.4144,691.91317,142.1657561,704.71797,4,"/Users/fcac/Dropbox/Mendeley Organized Folder/Mulder, 1996.pdf"
66.4144,486.23607,578.4581844,499.04087,4,"/Users/fcac/Dropbox/Mendeley Organized Folder/Mulder, 1996.pdf"
66.4144,471.83067,179.8048255,484.63547,4,"/Users/fcac/Dropbox/Mendeley Organized Folder/Mulder, 1996.pdf"
66.4144,691.91317,142.1657561,704.71797,4,"/Users/fcac/Dropbox/Mendeley Organized Folder/Mulder, 1996.pdf"
66.4144,648.69697,328.1061776,661.50177,4,"/Users/fcac/Dropbox/Mendeley Organized Folder/Mulder, 1996.pdf"
66.4144,38.07987004,203.66585,50.88467004,3,"/Users/fcac/Dropbox/Mendeley Organized Folder/Mulder, 1996.pdf"
66.4144,720.72397,209.3386165,733.52877,4,"/Users/fcac/Dropbox/Mendeley Organized Folder/Mulder, 1996.pdf"
66.4144,677.50777,288.2912526,690.31257,4,"/Users/fcac/Dropbox/Mendeley Organized Folder/Mulder, 1996.pdf"
66.4144,706.31857,182.6723004,719.12337,4,"/Users/fcac/Dropbox/Mendeley Organized Folder/Mulder, 1996.pdf"
66.4144,749.53477,221.4493963,762.33957,4,"/Users/fcac/Dropbox/Mendeley Organized Folder/Mulder, 1996.pdf"
150.261,484.7463357,447.8239368,494.7089357,190,"/Users/fcac/Dropbox/Mendeley Organized Folder/Aceituno, 2015.pdf"
150.261,496.7023357,524.4101552,506.9047015,190,"/Users/fcac/Dropbox/Mendeley Organized Folder/Aceituno, 2015.pdf"
303.51,378.6636839,478.3640064,388.6286839,1,"/Users/fcac/Dropbox/Mendeley Organized Folder/Levitin, McAdams, Adams, 2002.pdf"
303.51,390.6635369,530.2269096,400.6285369,1,"/Users/fcac/Dropbox/Mendeley Organized Folder/Levitin, McAdams, Adams, 2002.pdf"
303.51,402.5438099,530.3850828,412.5088099,1,"/Users/fcac/Dropbox/Mendeley Organized Folder/Levitin, McAdams, Adams, 2002.pdf"
303.51,414.5436629,530.27466,424.5086629,1,"/Users/fcac/Dropbox/Mendeley Organized Folder/Levitin, McAdams, Adams, 2002.pdf"
303.51,426.5435159,530.403984,436.5085159,1,"/Users/fcac/Dropbox/Mendeley Organized Folder/Levitin, McAdams, Adams, 2002.pdf"
400.8292944,438.4237889,530.3631972,448.3887889,1,"/Users/fcac/Dropbox/Mendeley Organized Folder/Levitin, McAdams, Adams, 2002.pdf"
58.71,456.4235684,282.7628352,466.3885684,1,"/Users/fcac/Dropbox/Mendeley Organized Folder/Levitin, McAdams, Adams, 2002.pdf"
58.71,468.4234214,285.6895368,478.3884214,1,"/Users/fcac/Dropbox/Mendeley Organized Folder/Levitin, McAdams, Adams, 2002.pdf"
87.9899484,480.3036944,285.6029892,490.2686944,1,"/Users/fcac/Dropbox/Mendeley Organized Folder/Levitin, McAdams, Adams, 2002.pdf"
303.51,438.4237889,396.777474,448.3887889,1,"/Users/fcac/Dropbox/Mendeley Organized Folder/Levitin, McAdams, Adams, 2002.pdf"
303.51,450.4236419,530.344296,460.3886419,1,"/Users/fcac/Dropbox/Mendeley Organized Folder/Levitin, McAdams, Adams, 2002.pdf"
303.51,462.4234949,530.4557136,472.3884949,1,"/Users/fcac/Dropbox/Mendeley Organized Folder/Levitin, McAdams, Adams, 2002.pdf"
303.51,474.3037679,530.4676512,484.2687679,1,"/Users/fcac/Dropbox/Mendeley Organized Folder/Levitin, McAdams, Adams, 2002.pdf"
313.4699376,486.3036209,530.214972,496.2686209,1,"/Users/fcac/Dropbox/Mendeley Organized Folder/Levitin, McAdams, Adams, 2002.pdf"
76.7099112,246.6633079,215.4297972,256.6283079,1,"/Users/fcac/Dropbox/Mendeley Organized Folder/Levitin, McAdams, Adams, 2002.pdf"
76.7099112,258.6631609,285.7442508,268.6281609,1,"/Users/fcac/Dropbox/Mendeley Organized Folder/Levitin, McAdams, Adams, 2002.pdf"
76.7099112,270.5434339,285.5930412,280.5084339,1,"/Users/fcac/Dropbox/Mendeley Organized Folder/Levitin, McAdams, Adams, 2002.pdf"
52.8661,170.4216,352.3501,179.4216,37,"/Users/fcac/Dropbox/Mendeley Organized Folder/Morreale, 2015.pdf"
52.8661,181.4216,352.3312,190.4216,37,"/Users/fcac/Dropbox/Mendeley Organized Folder/Morreale, 2015.pdf"
222.8081,192.4216,352.3172,201.4216,37,"/Users/fcac/Dropbox/Mendeley Organized Folder/Morreale, 2015.pdf"
184.9451,258.4216,340.1321,267.4216,37,"/Users/fcac/Dropbox/Mendeley Organized Folder/Morreale, 2015.pdf"
50.4567,489.4216,251.1558,498.4216,31,"/Users/fcac/Dropbox/Mendeley Organized Folder/Morreale, 2015.pdf"
308.0988,500.4216,352.3465,509.4216,31,"/Users/fcac/Dropbox/Mendeley Organized Folder/Morreale, 2015.pdf"
50.4567,236.4216,205.8957,245.4216,31,"/Users/fcac/Dropbox/Mendeley Organized Folder/Morreale, 2015.pdf"
50.4567,247.4216,352.3464,256.4216,31,"/Users/fcac/Dropbox/Mendeley Organized Folder/Morreale, 2015.pdf"
311.3658,258.4216,352.3698,267.4216,31,"/Users/fcac/Dropbox/Mendeley Organized Folder/Morreale, 2015.pdf"
257.5458,445.4216,310.9878,454.4216,31,"/Users/fcac/Dropbox/Mendeley Organized Folder/Morreale, 2015.pdf"
156.7017,434.4216,222.5898,443.4216,31,"/Users/fcac/Dropbox/Mendeley Organized Folder/Morreale, 2015.pdf"
101.1968,478.4216,125.0738,487.4216,32,"/Users/fcac/Dropbox/Mendeley Organized Folder/Morreale, 2015.pdf"
372.4059,489.4216,399.9685,498.4216,32,"/Users/fcac/Dropbox/Mendeley Organized Folder/Morreale, 2015.pdf"
101.2824,467.4216,348.3873,476.4216,31,"/Users/fcac/Dropbox/Mendeley Organized Folder/Morreale, 2015.pdf"
50.4567,412.4216,133.3377,421.4216,31,"/Users/fcac/Dropbox/Mendeley Organized Folder/Morreale, 2015.pdf"
330.0057,423.4216,352.3465,432.4216,31,"/Users/fcac/Dropbox/Mendeley Organized Folder/Morreale, 2015.pdf"
124.4798,192.4216,184.4549,201.4216,30,"/Users/fcac/Dropbox/Mendeley Organized Folder/Morreale, 2015.pdf"
188.7431,346.4216,306.4631,355.4216,37,"/Users/fcac/Dropbox/Mendeley Organized Folder/Morreale, 2015.pdf"
207.1917,456.4216,267.7347,465.4216,31,"/Users/fcac/Dropbox/Mendeley Organized Folder/Morreale, 2015.pdf"
184.2083,478.4216,263.0663,487.4216,32,"/Users/fcac/Dropbox/Mendeley Organized Folder/Morreale, 2015.pdf"
193.2482096,718.6101417,403.6228827,734.8571721,1,"/Users/fcac/Dropbox/Mendeley Organized Folder/Wanderley, Orio, 2001.pdf"
144.5071184,734.8571721,451.4687626,751.1042025,1,"/Users/fcac/Dropbox/Mendeley Organized Folder/Wanderley, Orio, 2001.pdf"
101.1968,137.4216,124.8398,146.4216,30,"/Users/fcac/Dropbox/Mendeley Organized Folder/Morreale, 2015.pdf"
367.4888,148.4216,403.0658,157.4216,30,"/Users/fcac/Dropbox/Mendeley Organized Folder/Morreale, 2015.pdf"
50.4567,313.4216,240.2217,322.4216,31,"/Users/fcac/Dropbox/Mendeley Organized Folder/Morreale, 2015.pdf"
157.4977,324.4216,352.3387,333.4216,31,"/Users/fcac/Dropbox/Mendeley Organized Folder/Morreale, 2015.pdf"
125.5347,511.4216,348.3828,520.4216,31,"/Users/fcac/Dropbox/Mendeley Organized Folder/Morreale, 2015.pdf"
50.4567,170.4216,173.2707,179.4216,31,"/Users/fcac/Dropbox/Mendeley Organized Folder/Morreale, 2015.pdf"
322.3687,181.4216,352.3387,190.4216,31,"/Users/fcac/Dropbox/Mendeley Organized Folder/Morreale, 2015.pdf"
101.1968,313.4216,114.5978,322.4216,32,"/Users/fcac/Dropbox/Mendeley Organized Folder/Morreale, 2015.pdf"
146.0258,324.4216,399.9685,333.4216,32,"/Users/fcac/Dropbox/Mendeley Organized Folder/Morreale, 2015.pdf"
303.5113788,465.4234529,454.8970584,475.3884529,4,"/Users/fcac/Dropbox/Mendeley Organized Folder/Levitin, McAdams, Adams, 2002.pdf"
303.5113788,477.3037259,530.36955,487.2687259,4,"/Users/fcac/Dropbox/Mendeley Organized Folder/Levitin, McAdams, Adams, 2002.pdf"
333.991056,489.3035789,530.284992,499.2685789,4,"/Users/fcac/Dropbox/Mendeley Organized Folder/Levitin, McAdams, Adams, 2002.pdf"
47.8488,552.8280547,103.5457116,562.7906547,9,"/Users/fcac/Dropbox/Mendeley Organized Folder/Overholt, 2009.pdf"
47.8488,564.7901486,274.9512483,574.7527486,9,"/Users/fcac/Dropbox/Mendeley Organized Folder/Overholt, 2009.pdf"
47.8488,576.7522424,274.9562296,586.7148424,9,"/Users/fcac/Dropbox/Mendeley Organized Folder/Overholt, 2009.pdf"
47.8488,588.7143362,274.9173755,598.6769362,9,"/Users/fcac/Dropbox/Mendeley Organized Folder/Overholt, 2009.pdf"
93.82520274,600.6196432,274.950252,610.5822432,9,"/Users/fcac/Dropbox/Mendeley Organized Folder/Overholt, 2009.pdf"
148.875522,538.8220098,215.5378887,546.8219098,9,"/Users/fcac/Dropbox/Mendeley Organized Folder/Paine, 2013.pdf"
219.8866343,550.7842603,317.1494185,558.7841603,9,"/Users/fcac/Dropbox/Mendeley Organized Folder/Paine, 2013.pdf"
87.658,517.651132,285.513217,527.614132,48,"/Users/fcac/Dropbox/Mendeley Organized Folder/Huot, 2013.pdf"
277.602637,530.204132,448.707199,540.2201478,48,"/Users/fcac/Dropbox/Mendeley Organized Folder/Huot, 2013.pdf"
307.64104,693.393132,366.113887,703.356132,48,"/Users/fcac/Dropbox/Mendeley Organized Folder/Huot, 2013.pdf"
156.265,201.1022405,386.557,210.1022405,240,"/Users/fcac/Dropbox/Mendeley Organized Folder/Buxton, 2007.pdf"
156.265,213.0983405,504.502,222.0983405,240,"/Users/fcac/Dropbox/Mendeley Organized Folder/Buxton, 2007.pdf"
156.265,141.1172405,228.7141,150.1172405,240,"/Users/fcac/Dropbox/Mendeley Organized Folder/Buxton, 2007.pdf"
156.265,153.1142405,504.3274,162.1142405,240,"/Users/fcac/Dropbox/Mendeley Organized Folder/Buxton, 2007.pdf"
156.265,165.1112405,504.2473,174.1112405,240,"/Users/fcac/Dropbox/Mendeley Organized Folder/Buxton, 2007.pdf"
150.268,165.8121537,153.061,172.8121537,240,"/Users/fcac/Dropbox/Mendeley Organized Folder/Buxton, 2007.pdf"
156.265,177.1082405,376.1539,186.1082405,240,"/Users/fcac/Dropbox/Mendeley Organized Folder/Buxton, 2007.pdf"
150.268,177.8101537,153.061,184.8101537,240,"/Users/fcac/Dropbox/Mendeley Organized Folder/Buxton, 2007.pdf"
156.265,189.1052405,409.7491,198.1052405,240,"/Users/fcac/Dropbox/Mendeley Organized Folder/Buxton, 2007.pdf"
150.268,189.8081537,153.061,196.8081537,240,"/Users/fcac/Dropbox/Mendeley Organized Folder/Buxton, 2007.pdf"
461.098,577.9558732,534.467405,590.379132,48,"/Users/fcac/Dropbox/Mendeley Organized Folder/Huot, 2013.pdf"
151.102413,705.946132,202.272381,717.9513237,48,"/Users/fcac/Dropbox/Mendeley Organized Folder/Huot, 2013.pdf"
102.0001,546.6941015,247.135,555.6941015,2,"/Users/fcac/Dropbox/Mendeley Organized Folder/Bongers, 2007.pdf"
102.0001,557.6939015,340.0168,566.6939015,2,"/Users/fcac/Dropbox/Mendeley Organized Folder/Bongers, 2007.pdf"
206.2291,568.6937015,340.0033,577.6937015,2,"/Users/fcac/Dropbox/Mendeley Organized Folder/Bongers, 2007.pdf"
87.658,442.2026972,386.475479,452.3491478,48,"/Users/fcac/Dropbox/Mendeley Organized Folder/Huot, 2013.pdf"
164.203729,454.886132,448.3186,464.849132,48,"/Users/fcac/Dropbox/Mendeley Organized Folder/Huot, 2013.pdf"
87.658,577.9558732,259.031563,590.379132,48,"/Users/fcac/Dropbox/Mendeley Organized Folder/Huot, 2013.pdf"
221.291609,592.969132,448.31849,602.932132,48,"/Users/fcac/Dropbox/Mendeley Organized Folder/Huot, 2013.pdf"
36.008,505.2687569,103.3712,514.2687569,4,"/Users/fcac/Dropbox/Mendeley Organized Folder/Sanders, Stappers, 2014.pdf"
36.008,516.7707569,194.3009,525.7707569,4,"/Users/fcac/Dropbox/Mendeley Organized Folder/Sanders, Stappers, 2014.pdf"
36.008,528.2727569,173.9474,537.2727569,4,"/Users/fcac/Dropbox/Mendeley Organized Folder/Sanders, Stappers, 2014.pdf"
36.008,539.7747569,182.861,548.7747569,4,"/Users/fcac/Dropbox/Mendeley Organized Folder/Sanders, Stappers, 2014.pdf"
36.008,551.2767569,187.4879,560.2767569,4,"/Users/fcac/Dropbox/Mendeley Organized Folder/Sanders, Stappers, 2014.pdf"
36.008,562.7787569,193.2245,571.7787569,4,"/Users/fcac/Dropbox/Mendeley Organized Folder/Sanders, Stappers, 2014.pdf"
386,666.3597569,449.5391,675.3597569,4,"/Users/fcac/Dropbox/Mendeley Organized Folder/Sanders, Stappers, 2014.pdf"
386,677.8617569,518.6672,686.8617569,4,"/Users/fcac/Dropbox/Mendeley Organized Folder/Sanders, Stappers, 2014.pdf"
386,689.3637569,539.5886,698.3637569,4,"/Users/fcac/Dropbox/Mendeley Organized Folder/Sanders, Stappers, 2014.pdf"
386,700.8657569,539.0198,709.8657569,4,"/Users/fcac/Dropbox/Mendeley Organized Folder/Sanders, Stappers, 2014.pdf"
386,712.3202517,537.4403,721.3677569,4,"/Users/fcac/Dropbox/Mendeley Organized Folder/Sanders, Stappers, 2014.pdf"
386,723.8222517,526.7744,732.8697569,4,"/Users/fcac/Dropbox/Mendeley Organized Folder/Sanders, Stappers, 2014.pdf"
54.171,388.815,267.26,397.814,1,"/Users/fcac/Dropbox/Mendeley Organized Folder/Bowers, Villar, 2006.pdf"
57.6,420.79,280.662,430.753,2,"/Users/fcac/Dropbox/Mendeley Organized Folder/Bertin et al., 2010.pdf"
57.6,432.745,295.208,442.708,2,"/Users/fcac/Dropbox/Mendeley Organized Folder/Bertin et al., 2010.pdf"
129.842,444.701,295.208,454.664,2,"/Users/fcac/Dropbox/Mendeley Organized Folder/Bertin et al., 2010.pdf"
57.6,226.304,228.216,236.267,1,"/Users/fcac/Dropbox/Mendeley Organized Folder/Bertin et al., 2010.pdf"
57.6,238.259,295.208,248.222,1,"/Users/fcac/Dropbox/Mendeley Organized Folder/Bertin et al., 2010.pdf"
57.6,250.214,295.208,260.177,1,"/Users/fcac/Dropbox/Mendeley Organized Folder/Bertin et al., 2010.pdf"
57.6,262.169,295.208,272.132,1,"/Users/fcac/Dropbox/Mendeley Organized Folder/Bertin et al., 2010.pdf"
57.6,274.124,295.208,284.087,1,"/Users/fcac/Dropbox/Mendeley Organized Folder/Bertin et al., 2010.pdf"
308.86,261.742,541.076,228.624,6,"/Users/fcac/Dropbox/Mendeley Organized Folder/Morreale, Angeli, O'Modhrain, 2014.pdf"
54.3088,513.213,268.425,479.71,6,"/Users/fcac/Dropbox/Mendeley Organized Folder/Morreale, Angeli, O'Modhrain, 2014.pdf"
54.6939,356.092,288.835,325.284,6,"/Users/fcac/Dropbox/Mendeley Organized Folder/Morreale, Angeli, O'Modhrain, 2014.pdf"
308.86,490.107,531.064,466.616,6,"/Users/fcac/Dropbox/Mendeley Organized Folder/Morreale, Angeli, O'Modhrain, 2014.pdf"
55.079,222.077,283.059,191.654,6,"/Users/fcac/Dropbox/Mendeley Organized Folder/Morreale, Angeli, O'Modhrain, 2014.pdf"
310.016,768.535,524.132,749.28,6,"/Users/fcac/Dropbox/Mendeley Organized Folder/Morreale, Angeli, O'Modhrain, 2014.pdf"
53.9237,480.095,284.599,450.057,6,"/Users/fcac/Dropbox/Mendeley Organized Folder/Morreale, Angeli, O'Modhrain, 2014.pdf"
55.4641,191.269,283.829,170.474,6,"/Users/fcac/Dropbox/Mendeley Organized Folder/Morreale, Angeli, O'Modhrain, 2014.pdf"
309.631,749.28,539.151,717.317,6,"/Users/fcac/Dropbox/Mendeley Organized Folder/Morreale, Angeli, O'Modhrain, 2014.pdf"
309.246,302.563,541.461,261.742,6,"/Users/fcac/Dropbox/Mendeley Organized Folder/Morreale, Angeli, O'Modhrain, 2014.pdf"
211,160.362,269.795,169.362,2,"/Users/fcac/Dropbox/Mendeley Organized Folder/Sanders, Stappers, 2014.pdf"
211,171.864,358.441,180.864,2,"/Users/fcac/Dropbox/Mendeley Organized Folder/Sanders, Stappers, 2014.pdf"
253.581,183.366,354.27,192.366,2,"/Users/fcac/Dropbox/Mendeley Organized Folder/Sanders, Stappers, 2014.pdf"
407.671,28.2117,490.523,35.2117,1,"/Users/fcac/Dropbox/Mendeley Organized Folder/Dahl, 2016.pdf"
148.429,228.406,153.037,237.373,1,"/Users/fcac/Dropbox/Mendeley Organized Folder/Johnston, 2014.pdf"
509.339,393.321,545.959,402.288,1,"/Users/fcac/Dropbox/Mendeley Organized Folder/Johnston, 2014.pdf"
308.842,382.861,545.967,391.828,1,"/Users/fcac/Dropbox/Mendeley Organized Folder/Johnston, 2014.pdf"
308.842,372.4,545.95,381.367,1,"/Users/fcac/Dropbox/Mendeley Organized Folder/Johnston, 2014.pdf"
308.842,361.939,545.96,370.906,1,"/Users/fcac/Dropbox/Mendeley Organized Folder/Johnston, 2014.pdf"
308.842,351.478,439.057,360.445,1,"/Users/fcac/Dropbox/Mendeley Organized Folder/Johnston, 2014.pdf"
233.2006665,498.9148304,261.1606553,635.1070383,4,"/Users/fcac/Dropbox/Mendeley Organized Folder/Unknown, Unknown.pdf"
250.4472,557.437376,325.6776,565.437376,2,"/Users/fcac/Dropbox/Mendeley Organized Folder/Wasserman A., Cullen, 2015.pdf"
263.4406544,106.1999575,291.4006432,188.4021273,4,"/Users/fcac/Dropbox/Mendeley Organized Folder/Unknown, Unknown.pdf"
93.6,389.0872426,381.205975,401.0424426,56,"/Users/fcac/Dropbox/Mendeley Organized Folder/Rudraraju, 2011.pdf"
111.159,407.0152426,554.4028221,418.9704426,56,"/Users/fcac/Dropbox/Mendeley Organized Folder/Rudraraju, 2011.pdf"
338.54496,458.7672141,372.77724,468.2623251,1,"/Users/fcac/Dropbox/Mendeley Organized Folder/Dahl, 2016.pdf"
305.24172,326.7676941,396.2592,336.2476941,1,"/Users/fcac/Dropbox/Mendeley Organized Folder/Dahl, 2016.pdf"
305.24172,337.7455341,544.69704,347.2255341,1,"/Users/fcac/Dropbox/Mendeley Organized Folder/Dahl, 2016.pdf"
305.24172,348.7897341,536.69592,358.2697341,1,"/Users/fcac/Dropbox/Mendeley Organized Folder/Dahl, 2016.pdf"
66.2126,744.1472035,253.99742,754.1672035,2,"/Users/fcac/Dropbox/Mendeley Organized Folder/Dahl, 2016.pdf"
66.2126,755.1291235,293.87702,765.1491235,2,"/Users/fcac/Dropbox/Mendeley Organized Folder/Dahl, 2016.pdf"
66.2126,529.6037141,196.21184,539.0837141,2,"/Users/fcac/Dropbox/Mendeley Organized Folder/Dahl, 2016.pdf"
66.2126,540.6479141,295.12616,550.1279141,2,"/Users/fcac/Dropbox/Mendeley Organized Folder/Dahl, 2016.pdf"
66.2126,551.6257541,287.54216,561.1057541,2,"/Users/fcac/Dropbox/Mendeley Organized Folder/Dahl, 2016.pdf"
66.2126,562.6035941,289.86476,572.0835941,2,"/Users/fcac/Dropbox/Mendeley Organized Folder/Dahl, 2016.pdf"
66.2126,573.6477941,306.11348,583.1277941,2,"/Users/fcac/Dropbox/Mendeley Organized Folder/Dahl, 2016.pdf"
66.2126,584.6256341,297.35396,594.1056341,2,"/Users/fcac/Dropbox/Mendeley Organized Folder/Dahl, 2016.pdf"
66.2126,595.6034741,300.29276,605.0834741,2,"/Users/fcac/Dropbox/Mendeley Organized Folder/Dahl, 2016.pdf"
108.66404,606.6476741,299.3732,616.1276741,2,"/Users/fcac/Dropbox/Mendeley Organized Folder/Dahl, 2016.pdf"
305.2512,535.7448141,541.1136,545.2248141,1,"/Users/fcac/Dropbox/Mendeley Organized Folder/Dahl, 2016.pdf"
305.2512,546.7890141,539.19864,556.2690141,1,"/Users/fcac/Dropbox/Mendeley Organized Folder/Dahl, 2016.pdf"
305.2512,557.7668541,540.4974,567.2468541,1,"/Users/fcac/Dropbox/Mendeley Organized Folder/Dahl, 2016.pdf"
305.2512,568.7446941,543.26556,578.2246941,1,"/Users/fcac/Dropbox/Mendeley Organized Folder/Dahl, 2016.pdf"
331.39704,370.7454141,370.43568,380.2405251,1,"/Users/fcac/Dropbox/Mendeley Organized Folder/Dahl, 2016.pdf"
376.22796,502.7449341,424.18728,512.2400451,1,"/Users/fcac/Dropbox/Mendeley Organized Folder/Dahl, 2016.pdf"
129.5627123,718.9832683,306,638.1429111,5,"/Users/fcac/Dropbox/Mendeley Organized Folder/Unknown, Unknown(3).pdf"
190.4851738,340.7998949,475.7860762,350.2644949,4,"/Users/fcac/Dropbox/Mendeley Organized Folder/Yilmaz, Seifert, 2011.pdf"
163.9559,327.8712513,475.7955408,337.3358513,4,"/Users/fcac/Dropbox/Mendeley Organized Folder/Yilmaz, Seifert, 2011.pdf"
163.9559,314.8858201,475.7766116,324.3504201,4,"/Users/fcac/Dropbox/Mendeley Organized Folder/Yilmaz, Seifert, 2011.pdf"
163.9559,301.9571765,331.7253996,311.4217765,4,"/Users/fcac/Dropbox/Mendeley Organized Folder/Yilmaz, Seifert, 2011.pdf"
81.80872746,379.2512785,387.0330351,389.0914785,102,"/Users/fcac/Dropbox/Mendeley Organized Folder/Cross, 2006.pdf"
52.5115,367.7313564,387.2426313,377.5715564,102,"/Users/fcac/Dropbox/Mendeley Organized Folder/Cross, 2006.pdf"
52.5115,356.2114343,331.6090926,366.0516343,102,"/Users/fcac/Dropbox/Mendeley Organized Folder/Cross, 2006.pdf"
271.4453622,418.5421193,475.8050054,428.0067193,4,"/Users/fcac/Dropbox/Mendeley Organized Folder/Yilmaz, Seifert, 2011.pdf"
163.9559,405.5566881,475.767147,415.0212881,4,"/Users/fcac/Dropbox/Mendeley Organized Folder/Yilmaz, Seifert, 2011.pdf"
163.9559,392.6280445,475.7955408,402.0926445,4,"/Users/fcac/Dropbox/Mendeley Organized Folder/Yilmaz, Seifert, 2011.pdf"
163.9559,379.6426133,331.4887846,389.1072133,4,"/Users/fcac/Dropbox/Mendeley Organized Folder/Yilmaz, Seifert, 2011.pdf"
66.6715478,102.4627051,372.9753254,112.3029051,19,"/Users/fcac/Dropbox/Mendeley Organized Folder/Cross, 2006.pdf"
66.6715478,90.94278296,372.9231723,100.782983,19,"/Users/fcac/Dropbox/Mendeley Organized Folder/Cross, 2006.pdf"
66.6715478,79.42286082,373.1209603,89.26306082,19,"/Users/fcac/Dropbox/Mendeley Organized Folder/Cross, 2006.pdf"
66.6715478,67.90293868,299.6363148,78.05456479,19,"/Users/fcac/Dropbox/Mendeley Organized Folder/Cross, 2006.pdf"
137.838,602.5523654,386.641,612.5523654,72,"/Users/fcac/Dropbox/Mendeley Organized Folder/Pahl et al., 2007.pdf"
54.9,590.6123654,114.394,600.6123654,72,"/Users/fcac/Dropbox/Mendeley Organized Folder/Pahl et al., 2007.pdf"
54.9,572.3578886,386.586,582.6723654,72,"/Users/fcac/Dropbox/Mendeley Organized Folder/Pahl et al., 2007.pdf"
64.86,560.7023654,135.286,570.7023654,72,"/Users/fcac/Dropbox/Mendeley Organized Folder/Pahl et al., 2007.pdf"
54.9,544.4578886,322.221,554.7723654,72,"/Users/fcac/Dropbox/Mendeley Organized Folder/Pahl et al., 2007.pdf"
54.9,528.5278886,386.379,538.8423654,72,"/Users/fcac/Dropbox/Mendeley Organized Folder/Pahl et al., 2007.pdf"
64.86,516.8723654,255.861,526.8723654,72,"/Users/fcac/Dropbox/Mendeley Organized Folder/Pahl et al., 2007.pdf"
149.4991412,150.005859,385.4673012,159.9684587,158,"/Users/fcac/Dropbox/Mendeley Organized Folder/Lindemann, 2014.pdf"
53.86017625,138.043765,385.4653084,148.0063648,158,"/Users/fcac/Dropbox/Mendeley Organized Folder/Lindemann, 2014.pdf"
53.86017625,126.0816711,253.1041968,136.0442709,158,"/Users/fcac/Dropbox/Mendeley Organized Folder/Lindemann, 2014.pdf"
65.81423593,143.4297579,385.5040995,153.3923576,161,"/Users/fcac/Dropbox/Mendeley Organized Folder/Lindemann, 2014.pdf"
53.85214201,131.4676639,385.4682342,141.4302637,161,"/Users/fcac/Dropbox/Mendeley Organized Folder/Lindemann, 2014.pdf"
53.85214201,119.50557,385.4572751,129.4681698,161,"/Users/fcac/Dropbox/Mendeley Organized Folder/Lindemann, 2014.pdf"
53.85214181,107.5434761,385.4642483,117.5060759,161,"/Users/fcac/Dropbox/Mendeley Organized Folder/Lindemann, 2014.pdf"
53.85214181,95.58138218,385.4742108,105.5439819,161,"/Users/fcac/Dropbox/Mendeley Organized Folder/Lindemann, 2014.pdf"
53.85214181,83.61928827,385.429379,93.58188802,161,"/Users/fcac/Dropbox/Mendeley Organized Folder/Lindemann, 2014.pdf"
53.85214181,71.71398107,201.1601379,81.67658082,161,"/Users/fcac/Dropbox/Mendeley Organized Folder/Lindemann, 2014.pdf"
66.6715478,413.8100609,387.3331612,423.6502609,38,"/Users/fcac/Dropbox/Mendeley Organized Folder/Cross, 2006.pdf"
52.5115,402.2911228,387.1393092,412.1313228,38,"/Users/fcac/Dropbox/Mendeley Organized Folder/Cross, 2006.pdf"
52.5115,390.7712007,387.2032705,400.6114007,38,"/Users/fcac/Dropbox/Mendeley Organized Folder/Cross, 2006.pdf"
52.5115,379.2512785,386.9543135,389.0914785,38,"/Users/fcac/Dropbox/Mendeley Organized Folder/Cross, 2006.pdf"
52.5115,367.7313564,387.2396793,377.5715564,38,"/Users/fcac/Dropbox/Mendeley Organized Folder/Cross, 2006.pdf"
52.5115,356.2114343,387.0842041,366.0516343,38,"/Users/fcac/Dropbox/Mendeley Organized Folder/Cross, 2006.pdf"
52.5115,344.380086,387.3164328,354.5317121,38,"/Users/fcac/Dropbox/Mendeley Organized Folder/Cross, 2006.pdf"
52.5115,333.4116909,387.3587457,343.2518909,38,"/Users/fcac/Dropbox/Mendeley Organized Folder/Cross, 2006.pdf"
52.5115,321.8917687,387.1707979,331.7319687,38,"/Users/fcac/Dropbox/Mendeley Organized Folder/Cross, 2006.pdf"
52.5115,310.3718466,387.177686,320.2120466,38,"/Users/fcac/Dropbox/Mendeley Organized Folder/Cross, 2006.pdf"
52.5115,298.8519244,387.2878963,308.6921244,38,"/Users/fcac/Dropbox/Mendeley Organized Folder/Cross, 2006.pdf"
52.5115,287.3320023,314.0738562,297.1722023,38,"/Users/fcac/Dropbox/Mendeley Organized Folder/Cross, 2006.pdf"
187.900623,634.7725686,403.9040599,434.1066538,4,"/Users/fcac/Dropbox/Mendeley Organized Folder/Nagai, Taura, 2006.pdf"
53.667,259.3456607,143.5176969,269.3082607,3,"/Users/fcac/Dropbox/Mendeley Organized Folder/O%E2%80%99Modhrain, 2011.pdf"
53.667,271.3007807,283.3746682,281.2633807,3,"/Users/fcac/Dropbox/Mendeley Organized Folder/O%E2%80%99Modhrain, 2011.pdf"
124.3127929,283.2658633,290.9940647,293.2284633,3,"/Users/fcac/Dropbox/Mendeley Organized Folder/O%E2%80%99Modhrain, 2011.pdf"
127.68,146.9967123,467.2752,157.7967123,3,"/Users/fcac/Dropbox/Mendeley Organized Folder/Nagai, Taura, 2006.pdf"
127.68,159.9567123,467.1612,170.7567123,3,"/Users/fcac/Dropbox/Mendeley Organized Folder/Nagai, Taura, 2006.pdf"
127.68,172.9167123,467.3364,183.7167123,3,"/Users/fcac/Dropbox/Mendeley Organized Folder/Nagai, Taura, 2006.pdf"
127.68,185.8767123,467.16,196.6767123,3,"/Users/fcac/Dropbox/Mendeley Organized Folder/Nagai, Taura, 2006.pdf"
127.68,199.0767123,467.3976,209.8767123,3,"/Users/fcac/Dropbox/Mendeley Organized Folder/Nagai, Taura, 2006.pdf"
127.68,212.0367123,467.0952,222.8367123,3,"/Users/fcac/Dropbox/Mendeley Organized Folder/Nagai, Taura, 2006.pdf"
127.68,224.9967123,467.1564,235.7967123,3,"/Users/fcac/Dropbox/Mendeley Organized Folder/Nagai, Taura, 2006.pdf"
127.68,237.9567123,467.4024,248.7567123,3,"/Users/fcac/Dropbox/Mendeley Organized Folder/Nagai, Taura, 2006.pdf"
120.9988,388.655914,385.1068,400.655914,8,"/Users/fcac/Dropbox/Mendeley Organized Folder/Beaudouin-lafon, Mackay, 2000(2).pdf"
120.9988,400.655914,509.08,412.655914,8,"/Users/fcac/Dropbox/Mendeley Organized Folder/Beaudouin-lafon, Mackay, 2000(2).pdf"
120.9988,412.655914,509.1556,424.655914,8,"/Users/fcac/Dropbox/Mendeley Organized Folder/Beaudouin-lafon, Mackay, 2000(2).pdf"
120.9988,424.655914,509.0824,436.655914,8,"/Users/fcac/Dropbox/Mendeley Organized Folder/Beaudouin-lafon, Mackay, 2000(2).pdf"
120.9988,436.655914,509.0512,448.655914,8,"/Users/fcac/Dropbox/Mendeley Organized Folder/Beaudouin-lafon, Mackay, 2000(2).pdf"
120.9988,448.655914,509.08,460.655914,8,"/Users/fcac/Dropbox/Mendeley Organized Folder/Beaudouin-lafon, Mackay, 2000(2).pdf"
120.9988,460.655914,509.0464,472.655914,8,"/Users/fcac/Dropbox/Mendeley Organized Folder/Beaudouin-lafon, Mackay, 2000(2).pdf"
120.9988,472.655914,509.1004,484.655914,8,"/Users/fcac/Dropbox/Mendeley Organized Folder/Beaudouin-lafon, Mackay, 2000(2).pdf"
120.9988,484.655914,509.1424,496.655914,8,"/Users/fcac/Dropbox/Mendeley Organized Folder/Beaudouin-lafon, Mackay, 2000(2).pdf"
120.9988,496.655914,509.1028,508.655914,8,"/Users/fcac/Dropbox/Mendeley Organized Folder/Beaudouin-lafon, Mackay, 2000(2).pdf"
120.9988,508.655914,509.0872,520.655914,8,"/Users/fcac/Dropbox/Mendeley Organized Folder/Beaudouin-lafon, Mackay, 2000(2).pdf"
120.9988,520.655914,509.1148,532.655914,8,"/Users/fcac/Dropbox/Mendeley Organized Folder/Beaudouin-lafon, Mackay, 2000(2).pdf"
31.1808,349.0480941,120.0018,359.0480941,7,"/Users/fcac/Dropbox/Mendeley Organized Folder/Jord%C3%A0, 2004(3).pdf"
31.1808,361.0480941,273.5418,371.0480941,7,"/Users/fcac/Dropbox/Mendeley Organized Folder/Jord%C3%A0, 2004(3).pdf"
31.1808,373.0480941,273.5418,383.0480941,7,"/Users/fcac/Dropbox/Mendeley Organized Folder/Jord%C3%A0, 2004(3).pdf"
31.1808,385.0480941,273.5368,395.0480941,7,"/Users/fcac/Dropbox/Mendeley Organized Folder/Jord%C3%A0, 2004(3).pdf"
198.0868,397.0480941,273.5478,407.0480941,7,"/Users/fcac/Dropbox/Mendeley Organized Folder/Jord%C3%A0, 2004(3).pdf"
121,251.655914,189.5296,263.655914,1,"/Users/fcac/Dropbox/Mendeley Organized Folder/Beaudouin-lafon, Mackay, 2000(2).pdf"
160.1632,263.655914,509.1256,275.655914,1,"/Users/fcac/Dropbox/Mendeley Organized Folder/Beaudouin-lafon, Mackay, 2000(2).pdf"
229.2,312.3567123,346.8,323.1567123,4,"/Users/fcac/Dropbox/Mendeley Organized Folder/Nagai, Taura, 2006.pdf"
120.9988,544.655914,391.024,556.655914,8,"/Users/fcac/Dropbox/Mendeley Organized Folder/Beaudouin-lafon, Mackay, 2000(2).pdf"
120.9988,556.655914,509.0776,568.655914,8,"/Users/fcac/Dropbox/Mendeley Organized Folder/Beaudouin-lafon, Mackay, 2000(2).pdf"
120.9988,568.655914,509.1124,580.655914,8,"/Users/fcac/Dropbox/Mendeley Organized Folder/Beaudouin-lafon, Mackay, 2000(2).pdf"
120.9988,580.655914,509.0692,592.655914,8,"/Users/fcac/Dropbox/Mendeley Organized Folder/Beaudouin-lafon, Mackay, 2000(2).pdf"
120.9988,592.655914,509.0572,604.655914,8,"/Users/fcac/Dropbox/Mendeley Organized Folder/Beaudouin-lafon, Mackay, 2000(2).pdf"
120.9988,604.655914,509.0452,616.655914,8,"/Users/fcac/Dropbox/Mendeley Organized Folder/Beaudouin-lafon, Mackay, 2000(2).pdf"
120.9988,616.655914,509.1448,628.655914,8,"/Users/fcac/Dropbox/Mendeley Organized Folder/Beaudouin-lafon, Mackay, 2000(2).pdf"
120.9988,628.655914,509.0968,640.655914,8,"/Users/fcac/Dropbox/Mendeley Organized Folder/Beaudouin-lafon, Mackay, 2000(2).pdf"
120.9988,640.655914,509.086,652.655914,8,"/Users/fcac/Dropbox/Mendeley Organized Folder/Beaudouin-lafon, Mackay, 2000(2).pdf"
120.9988,652.655914,509.0884,664.655914,8,"/Users/fcac/Dropbox/Mendeley Organized Folder/Beaudouin-lafon, Mackay, 2000(2).pdf"
120.9988,664.655914,509.0488,676.655914,8,"/Users/fcac/Dropbox/Mendeley Organized Folder/Beaudouin-lafon, Mackay, 2000(2).pdf"
120.9988,676.655914,509.0992,688.655914,8,"/Users/fcac/Dropbox/Mendeley Organized Folder/Beaudouin-lafon, Mackay, 2000(2).pdf"
120.9988,688.655914,509.0992,700.655914,8,"/Users/fcac/Dropbox/Mendeley Organized Folder/Beaudouin-lafon, Mackay, 2000(2).pdf"
120.9988,700.655914,509.0236,712.655914,8,"/Users/fcac/Dropbox/Mendeley Organized Folder/Beaudouin-lafon, Mackay, 2000(2).pdf"
120.9988,712.655914,509.0992,724.655914,8,"/Users/fcac/Dropbox/Mendeley Organized Folder/Beaudouin-lafon, Mackay, 2000(2).pdf"
120.9988,724.655914,509.0212,736.655914,8,"/Users/fcac/Dropbox/Mendeley Organized Folder/Beaudouin-lafon, Mackay, 2000(2).pdf"
120.9988,736.655914,509.0908,748.655914,8,"/Users/fcac/Dropbox/Mendeley Organized Folder/Beaudouin-lafon, Mackay, 2000(2).pdf"
121,748.6327273,509.0824,760.655914,8,"/Users/fcac/Dropbox/Mendeley Organized Folder/Beaudouin-lafon, Mackay, 2000(2).pdf"
121,760.655914,509.056,772.655914,8,"/Users/fcac/Dropbox/Mendeley Organized Folder/Beaudouin-lafon, Mackay, 2000(2).pdf"
99.863,389.2247577,467.6998244,437.0454577,175,"/Users/fcac/Dropbox/Mendeley Organized Folder/Aceituno, 2015.pdf"
121.096,434.4067577,445.8463737,482.2274577,175,"/Users/fcac/Dropbox/Mendeley Organized Folder/Aceituno, 2015.pdf"
187.226,479.5897577,379.0826484,527.4104577,175,"/Users/fcac/Dropbox/Mendeley Organized Folder/Aceituno, 2015.pdf"
303.5083944,221.4613194,427.6226268,231.4263194,13,"/Users/fcac/Dropbox/Mendeley Organized Folder/Levitin, McAdams, Adams, 2002.pdf"
303.5083944,233.1014359,530.2412208,243.0664359,13,"/Users/fcac/Dropbox/Mendeley Organized Folder/Levitin, McAdams, Adams, 2002.pdf"
303.5083944,244.7415524,530.260122,254.7065524,13,"/Users/fcac/Dropbox/Mendeley Organized Folder/Levitin, McAdams, Adams, 2002.pdf"
303.5083944,256.3816689,530.3436852,266.3466689,13,"/Users/fcac/Dropbox/Mendeley Organized Folder/Levitin, McAdams, Adams, 2002.pdf"
53.97048,393.2403736,181.78224,403.1148934,3,"/Users/fcac/Dropbox/Mendeley Organized Folder/Cook, 2009.pdf"
232.32048,404.7630136,291.82296,414.6375334,3,"/Users/fcac/Dropbox/Mendeley Organized Folder/Cook, 2009.pdf"
54,588.8792536,286.73568,598.7537734,3,"/Users/fcac/Dropbox/Mendeley Organized Folder/Cook, 2009.pdf"
320.1599,525.9599734,530.31278,535.7999734,1,"/Users/fcac/Dropbox/Mendeley Organized Folder/Cook, 2009.pdf"
320.1599,541.3937734,517.78646,551.2337734,2,"/Users/fcac/Dropbox/Mendeley Organized Folder/Cook, 2009.pdf"
320.1599,153.9992536,544.8071,163.8737734,3,"/Users/fcac/Dropbox/Mendeley Organized Folder/Cook, 2009.pdf"
54,235.8348934,281.48112,245.6748934,2,"/Users/fcac/Dropbox/Mendeley Organized Folder/Cook, 2009.pdf"
54,184.4686936,171.28296,194.3432134,4,"/Users/fcac/Dropbox/Mendeley Organized Folder/Cook, 2009.pdf"
228.13848,195.9913336,291.87216,205.8658534,4,"/Users/fcac/Dropbox/Mendeley Organized Folder/Cook, 2009.pdf"
53.99016,509.6854534,247.83816,519.5254534,2,"/Users/fcac/Dropbox/Mendeley Organized Folder/Cook, 2009.pdf"
54,328.2392536,264.44808,338.1137734,4,"/Users/fcac/Dropbox/Mendeley Organized Folder/Cook, 2009.pdf"
54,339.5386534,203.64672,349.3786534,2,"/Users/fcac/Dropbox/Mendeley Organized Folder/Cook, 2009.pdf"
54,230.5592536,223.84824,240.4337734,4,"/Users/fcac/Dropbox/Mendeley Organized Folder/Cook, 2009.pdf"
54,496.6981336,270.8244,506.5726534,3,"/Users/fcac/Dropbox/Mendeley Organized Folder/Cook, 2009.pdf"
134.28456,328.2392536,141.97944,338.1137734,4,"/Users/fcac/Dropbox/Mendeley Organized Folder/Cook, 2009.pdf"
320.1599,429.2399734,527.0459,439.0799734,1,"/Users/fcac/Dropbox/Mendeley Organized Folder/Cook, 2009.pdf"
113.386,304.5656344,310.065,315.6269309,113,"/Users/fcac/Dropbox/Mendeley Organized Folder/Xamb%C3%B3, 2015.pdf"
113.386,325.0418309,482.5281258,335.9509309,113,"/Users/fcac/Dropbox/Mendeley Organized Folder/Xamb%C3%B3, 2015.pdf"
113.386,112.4098309,357.0080212,123.3189309,113,"/Users/fcac/Dropbox/Mendeley Organized Folder/Xamb%C3%B3, 2015.pdf"
152.5605781,132.7338309,482.5281258,143.6429309,113,"/Users/fcac/Dropbox/Mendeley Organized Folder/Xamb%C3%B3, 2015.pdf"
173.1606,384.0643,500.8288,397.0908,19,"/Users/fcac/Dropbox/Mendeley Organized Folder/Malloch, 2013.pdf"
210.50031,334.6021498,293.927832,344.6221498,1,"/Users/fcac/Dropbox/Mendeley Organized Folder/Hartmann et al., 2005.pdf"
54.00294,322.8987898,293.943864,332.9187898,1,"/Users/fcac/Dropbox/Mendeley Organized Folder/Hartmann et al., 2005.pdf"
54.00294,311.1954298,294.020016,321.2154298,1,"/Users/fcac/Dropbox/Mendeley Organized Folder/Hartmann et al., 2005.pdf"
54.00294,299.4920698,293.939856,309.5120698,1,"/Users/fcac/Dropbox/Mendeley Organized Folder/Hartmann et al., 2005.pdf"
54.00294,287.7887098,212.547672,297.8390498,1,"/Users/fcac/Dropbox/Mendeley Organized Folder/Hartmann et al., 2005.pdf"
262.446,452.5612195,524.5272,464.5612195,3,"/Users/fcac/Dropbox/Mendeley Organized Folder/Ritchey, 1998.pdf"
70.56,438.4012195,158.16,450.4012195,3,"/Users/fcac/Dropbox/Mendeley Organized Folder/Ritchey, 1998.pdf"
431.7,441.8691729,537.982,452.8691729,23,"/Users/fcac/Dropbox/Mendeley Organized Folder/Brazileiro, 2013.pdf"
234.1,529.0691729,537.051,540.0691729,23,"/Users/fcac/Dropbox/Mendeley Organized Folder/Brazileiro, 2013.pdf"
234.1,510.0691729,537.359,521.0691729,23,"/Users/fcac/Dropbox/Mendeley Organized Folder/Brazileiro, 2013.pdf"
234.1,491.1691729,537.029,502.1691729,23,"/Users/fcac/Dropbox/Mendeley Organized Folder/Brazileiro, 2013.pdf"
234.1,472.1691729,314.554,483.1691729,23,"/Users/fcac/Dropbox/Mendeley Organized Folder/Brazileiro, 2013.pdf"
183.1236,437.2012195,524.502,449.2012195,4,"/Users/fcac/Dropbox/Mendeley Organized Folder/Ritchey, 1998.pdf"
70.56,423.0412195,431.406,435.0412195,4,"/Users/fcac/Dropbox/Mendeley Organized Folder/Ritchey, 1998.pdf"
490.8847,608.1939,490.8847,608.1939,17,"/Users/fcac/Dropbox/Mendeley Organized Folder/Gelineck, 2012.pdf"
99.21856,592.763,277.5601,604.7061,17,"/Users/fcac/Dropbox/Mendeley Organized Folder/Gelineck, 2012.pdf"
489.9326,620.1489,489.9326,620.1489,17,"/Users/fcac/Dropbox/Mendeley Organized Folder/Gelineck, 2012.pdf"
490.8847,608.1939,490.8847,608.1939,17,"/Users/fcac/Dropbox/Mendeley Organized Folder/Gelineck, 2012.pdf"
99.26838,605.256,494.9828,616.1231,17,"/Users/fcac/Dropbox/Mendeley Organized Folder/Gelineck, 2012.pdf"
489.9326,620.1489,489.9326,620.1489,17,"/Users/fcac/Dropbox/Mendeley Organized Folder/Gelineck, 2012.pdf"
429.9718,617.2109,495.0306,628.0781,17,"/Users/fcac/Dropbox/Mendeley Organized Folder/Gelineck, 2012.pdf"
124.6536,561.179,355.6643,572.0461,17,"/Users/fcac/Dropbox/Mendeley Organized Folder/Gelineck, 2012.pdf"
465.3831,511.8279,465.3831,511.8279,17,"/Users/fcac/Dropbox/Mendeley Organized Folder/Gelineck, 2012.pdf"
350.6467,564.1169,350.6467,564.1169,17,"/Users/fcac/Dropbox/Mendeley Organized Folder/Gelineck, 2012.pdf"
473.1689,531.995,473.1689,531.995,17,"/Users/fcac/Dropbox/Mendeley Organized Folder/Gelineck, 2012.pdf"
99.45154,531.0135,139.9474,540.2805,17,"/Users/fcac/Dropbox/Mendeley Organized Folder/Gelineck, 2012.pdf"
431.3448,596.239,431.3448,596.239,17,"/Users/fcac/Dropbox/Mendeley Organized Folder/Gelineck, 2012.pdf"
280.8577,592.763,433.9749,604.7061,17,"/Users/fcac/Dropbox/Mendeley Organized Folder/Gelineck, 2012.pdf"
124.9724,496.9339,256.0343,507.8011,17,"/Users/fcac/Dropbox/Mendeley Organized Folder/Gelineck, 2012.pdf"
139.2584,528.519,475.8288,540.4622,17,"/Users/fcac/Dropbox/Mendeley Organized Folder/Gelineck, 2012.pdf"
126.3273,573.134,470.2301,584.0011,17,"/Users/fcac/Dropbox/Mendeley Organized Folder/Gelineck, 2012.pdf"
99.34707,541.0009,495.0914,551.8801,17,"/Users/fcac/Dropbox/Mendeley Organized Folder/Gelineck, 2012.pdf"
473.1689,531.995,473.1689,531.995,17,"/Users/fcac/Dropbox/Mendeley Organized Folder/Gelineck, 2012.pdf"
466.3052,576.0719,466.3052,576.0719,17,"/Users/fcac/Dropbox/Mendeley Organized Folder/Gelineck, 2012.pdf"
126.3273,508.8899,470.4912,519.7571,17,"/Users/fcac/Dropbox/Mendeley Organized Folder/Gelineck, 2012.pdf"
137.419,535.6099,137.419,535.6099,17,"/Users/fcac/Dropbox/Mendeley Organized Folder/Gelineck, 2012.pdf"
137.419,535.6099,137.419,535.6099,17,"/Users/fcac/Dropbox/Mendeley Organized Folder/Gelineck, 2012.pdf"
491.9223,543.9499,491.9223,543.9499,17,"/Users/fcac/Dropbox/Mendeley Organized Folder/Gelineck, 2012.pdf"
491.9223,543.9499,491.9223,543.9499,17,"/Users/fcac/Dropbox/Mendeley Organized Folder/Gelineck, 2012.pdf"
350.6467,564.1169,350.6467,564.1169,17,"/Users/fcac/Dropbox/Mendeley Organized Folder/Gelineck, 2012.pdf"
465.3831,511.8279,465.3831,511.8279,17,"/Users/fcac/Dropbox/Mendeley Organized Folder/Gelineck, 2012.pdf"
466.3052,576.0719,466.3052,576.0719,17,"/Users/fcac/Dropbox/Mendeley Organized Folder/Gelineck, 2012.pdf"
431.3448,596.239,431.3448,596.239,17,"/Users/fcac/Dropbox/Mendeley Organized Folder/Gelineck, 2012.pdf"
99.17868,198.5272,149.964,210.4703,16,"/Users/fcac/Dropbox/Mendeley Organized Folder/Gelineck, 2012.pdf"
490.9084,225.9131,490.9084,225.9131,16,"/Users/fcac/Dropbox/Mendeley Organized Folder/Gelineck, 2012.pdf"
489.6807,213.9581,489.6807,213.9581,16,"/Users/fcac/Dropbox/Mendeley Organized Folder/Gelineck, 2012.pdf"
490.9275,237.8681,490.9275,237.8681,16,"/Users/fcac/Dropbox/Mendeley Organized Folder/Gelineck, 2012.pdf"
490.9275,237.8681,490.9275,237.8681,16,"/Users/fcac/Dropbox/Mendeley Organized Folder/Gelineck, 2012.pdf"
490.9084,225.9131,490.9084,225.9131,16,"/Users/fcac/Dropbox/Mendeley Organized Folder/Gelineck, 2012.pdf"
99.26735,222.9642,495.0494,233.8433,16,"/Users/fcac/Dropbox/Mendeley Organized Folder/Gelineck, 2012.pdf"
99.17868,210.4821,495.2388,222.4253,16,"/Users/fcac/Dropbox/Mendeley Organized Folder/Gelineck, 2012.pdf"
489.6807,213.9581,489.6807,213.9581,16,"/Users/fcac/Dropbox/Mendeley Organized Folder/Gelineck, 2012.pdf"
472.4185,234.9192,494.7527,245.7983,16,"/Users/fcac/Dropbox/Mendeley Organized Folder/Gelineck, 2012.pdf"